[{"model": "auth.permission", "pk": 1, "fields": {"name": "Can add log entry", "content_type": 1, "codename": "add_logentry"}}, {"model": "auth.permission", "pk": 2, "fields": {"name": "Can change log entry", "content_type": 1, "codename": "change_logentry"}}, {"model": "auth.permission", "pk": 3, "fields": {"name": "Can delete log entry", "content_type": 1, "codename": "delete_logentry"}}, {"model": "auth.permission", "pk": 4, "fields": {"name": "Can view log entry", "content_type": 1, "codename": "view_logentry"}}, {"model": "auth.permission", "pk": 5, "fields": {"name": "Can add permission", "content_type": 2, "codename": "add_permission"}}, {"model": "auth.permission", "pk": 6, "fields": {"name": "Can change permission", "content_type": 2, "codename": "change_permission"}}, {"model": "auth.permission", "pk": 7, "fields": {"name": "Can delete permission", "content_type": 2, "codename": "delete_permission"}}, {"model": "auth.permission", "pk": 8, "fields": {"name": "Can view permission", "content_type": 2, "codename": "view_permission"}}, {"model": "auth.permission", "pk": 9, "fields": {"name": "Can add group", "content_type": 3, "codename": "add_group"}}, {"model": "auth.permission", "pk": 10, "fields": {"name": "Can change group", "content_type": 3, "codename": "change_group"}}, {"model": "auth.permission", "pk": 11, "fields": {"name": "Can delete group", "content_type": 3, "codename": "delete_group"}}, {"model": "auth.permission", "pk": 12, "fields": {"name": "Can view group", "content_type": 3, "codename": "view_group"}}, {"model": "auth.permission", "pk": 13, "fields": {"name": "Can add user", "content_type": 4, "codename": "add_user"}}, {"model": "auth.permission", "pk": 14, "fields": {"name": "Can change user", "content_type": 4, "codename": "change_user"}}, {"model": "auth.permission", "pk": 15, "fields": {"name": "Can delete user", "content_type": 4, "codename": "delete_user"}}, {"model": "auth.permission", "pk": 16, "fields": {"name": "Can view user", "content_type": 4, "codename": "view_user"}}, {"model": "auth.permission", "pk": 17, "fields": {"name": "Can add content type", "content_type": 5, "codename": "add_contenttype"}}, {"model": "auth.permission", "pk": 18, "fields": {"name": "Can change content type", "content_type": 5, "codename": "change_contenttype"}}, {"model": "auth.permission", "pk": 19, "fields": {"name": "Can delete content type", "content_type": 5, "codename": "delete_contenttype"}}, {"model": "auth.permission", "pk": 20, "fields": {"name": "Can view content type", "content_type": 5, "codename": "view_contenttype"}}, {"model": "auth.permission", "pk": 21, "fields": {"name": "Can add session", "content_type": 6, "codename": "add_session"}}, {"model": "auth.permission", "pk": 22, "fields": {"name": "Can change session", "content_type": 6, "codename": "change_session"}}, {"model": "auth.permission", "pk": 23, "fields": {"name": "Can delete session", "content_type": 6, "codename": "delete_session"}}, {"model": "auth.permission", "pk": 24, "fields": {"name": "Can view session", "content_type": 6, "codename": "view_session"}}, {"model": "auth.permission", "pk": 25, "fields": {"name": "Can add Книга", "content_type": 7, "codename": "add_book"}}, {"model": "auth.permission", "pk": 26, "fields": {"name": "Can change Книга", "content_type": 7, "codename": "change_book"}}, {"model": "auth.permission", "pk": 27, "fields": {"name": "Can delete Книга", "content_type": 7, "codename": "delete_book"}}, {"model": "auth.permission", "pk": 28, "fields": {"name": "Can view Книга", "content_type": 7, "codename": "view_book"}}, {"model": "auth.permission", "pk": 29, "fields": {"name": "Can add Экземпляр книги", "content_type": 8, "codename": "add_bookobj"}}, {"model": "auth.permission", "pk": 30, "fields": {"name": "Can change Экземпляр книги", "content_type": 8, "codename": "change_bookobj"}}, {"model": "auth.permission", "pk": 31, "fields": {"name": "Can delete Экземпляр книги", "content_type": 8, "codename": "delete_bookobj"}}, {"model": "auth.permission", "pk": 32, "fields": {"name": "Can view Экземпляр книги", "content_type": 8, "codename": "view_bookobj"}}, {"model": "auth.permission", "pk": 33, "fields": {"name": "Can add Жанр книги", "content_type": 9, "codename": "add_genre"}}, {"model": "auth.permission", "pk": 34, "fields": {"name": "Can change Жанр книги", "content_type": 9, "codename": "change_genre"}}, {"model": "auth.permission", "pk": 35, "fields": {"name": "Can delete Жанр книги", "content_type": 9, "codename": "delete_genre"}}, {"model": "auth.permission", "pk": 36, "fields": {"name": "Can view Жанр книги", "content_type": 9, "codename": "view_genre"}}, {"model": "auth.permission", "pk": 37, "fields": {"name": "Can add Ордер", "content_type": 10, "codename": "add_order"}}, {"model": "auth.permission", "pk": 38, "fields": {"name": "Can change Ордер", "content_type": 10, "codename": "change_order"}}, {"model": "auth.permission", "pk": 39, "fields": {"name": "Can delete Ордер", "content_type": 10, "codename": "delete_order"}}, {"model": "auth.permission", "pk": 40, "fields": {"name": "Can view Ордер", "content_type": 10, "codename": "view_order"}}, {"model": "auth.permission", "pk": 41, "fields": {"name": "Can add Читатель", "content_type": 11, "codename": "add_person"}}, {"model": "auth.permission", "pk": 42, "fields": {"name": "Can change Читатель", "content_type": 11, "codename": "change_person"}}, {"model": "auth.permission", "pk": 43, "fields": {"name": "Can delete Читатель", "content_type": 11, "codename": "delete_person"}}, {"model": "auth.permission", "pk": 44, "fields": {"name": "Can view Читатель", "content_type": 11, "codename": "view_person"}}, {"model": "auth.permission", "pk": 45, "fields": {"name": "Can add Возврат", "content_type": 12, "codename": "add_returnb"}}, {"model": "auth.permission", "pk": 46, "fields": {"name": "Can change Возврат", "content_type": 12, "codename": "change_returnb"}}, {"model": "auth.permission", "pk": 47, "fields": {"name": "Can delete Возврат", "content_type": 12, "codename": "delete_returnb"}}, {"model": "auth.permission", "pk": 48, "fields": {"name": "Can view Возврат", "content_type": 12, "codename": "view_returnb"}}, {"model": "auth.permission", "pk": 49, "fields": {"name": "Can add Текущее состояние книги", "content_type": 13, "codename": "add_fotostatus"}}, {"model": "auth.permission", "pk": 50, "fields": {"name": "Can change Текущее состояние книги", "content_type": 13, "codename": "change_fotostatus"}}, {"model": "auth.permission", "pk": 51, "fields": {"name": "Can delete Текущее состояние книги", "content_type": 13, "codename": "delete_fotostatus"}}, {"model": "auth.permission", "pk": 52, "fields": {"name": "Can view Текущее состояние книги", "content_type": 13, "codename": "view_fotostatus"}}, {"model": "auth.permission", "pk": 53, "fields": {"name": "Can add Фотография обложки книги", "content_type": 14, "codename": "add_fotoregistr"}}, {"model": "auth.permission", "pk": 54, "fields": {"name": "Can change Фотография обложки книги", "content_type": 14, "codename": "change_fotoregistr"}}, {"model": "auth.permission", "pk": 55, "fields": {"name": "Can delete Фотография обложки книги", "content_type": 14, "codename": "delete_fotoregistr"}}, {"model": "auth.permission", "pk": 56, "fields": {"name": "Can view Фотография обложки книги", "content_type": 14, "codename": "view_fotoregistr"}}, {"model": "auth.permission", "pk": 57, "fields": {"name": "Can add Автор книги", "content_type": 15, "codename": "add_author"}}, {"model": "auth.permission", "pk": 58, "fields": {"name": "Can change Автор книги", "content_type": 15, "codename": "change_author"}}, {"model": "auth.permission", "pk": 59, "fields": {"name": "Can delete Автор книги", "content_type": 15, "codename": "delete_author"}}, {"model": "auth.permission", "pk": 60, "fields": {"name": "Can view Автор книги", "content_type": 15, "codename": "view_author"}}, {"model": "auth.permission", "pk": 61, "fields": {"name": "Can add Библиотекарь", "content_type": 16, "codename": "add_librarian"}}, {"model": "auth.permission", "pk": 62, "fields": {"name": "Can change Библиотекарь", "content_type": 16, "codename": "change_librarian"}}, {"model": "auth.permission", "pk": 63, "fields": {"name": "Can delete Библиотекарь", "content_type": 16, "codename": "delete_librarian"}}, {"model": "auth.permission", "pk": 64, "fields": {"name": "Can view Библиотекарь", "content_type": 16, "codename": "view_librarian"}}, {"model": "contenttypes.contenttype", "pk": 1, "fields": {"app_label": "admin", "model": "logentry"}}, {"model": "contenttypes.contenttype", "pk": 2, "fields": {"app_label": "auth", "model": "permission"}}, {"model": "contenttypes.contenttype", "pk": 3, "fields": {"app_label": "auth", "model": "group"}}, {"model": "contenttypes.contenttype", "pk": 4, "fields": {"app_label": "auth", "model": "user"}}, {"model": "contenttypes.contenttype", "pk": 5, "fields": {"app_label": "contenttypes", "model": "contenttype"}}, {"model": "contenttypes.contenttype", "pk": 6, "fields": {"app_label": "sessions", "model": "session"}}, {"model": "contenttypes.contenttype", "pk": 7, "fields": {"app_label": "booklib", "model": "book"}}, {"model": "contenttypes.contenttype", "pk": 8, "fields": {"app_label": "booklib", "model": "bookobj"}}, {"model": "contenttypes.contenttype", "pk": 9, "fields": {"app_label": "booklib", "model": "genre"}}, {"model": "contenttypes.contenttype", "pk": 10, "fields": {"app_label": "booklib", "model": "order"}}, {"model": "contenttypes.contenttype", "pk": 11, "fields": {"app_label": "booklib", "model": "person"}}, {"model": "contenttypes.contenttype", "pk": 12, "fields": {"app_label": "booklib", "model": "returnb"}}, {"model": "contenttypes.contenttype", "pk": 13, "fields": {"app_label": "booklib", "model": "fotostatus"}}, {"model": "contenttypes.contenttype", "pk": 14, "fields": {"app_label": "booklib", "model": "fotoregistr"}}, {"model": "contenttypes.contenttype", "pk": 15, "fields": {"app_label": "booklib", "model": "author"}}, {"model": "contenttypes.contenttype", "pk": 16, "fields": {"app_label": "booklib", "model": "librarian"}}, {"model": "sessions.session", "pk": "9id1b7ya6xiwzp4phry5a7mqgh4d5xeo", "fields": {"session_data": "eyJsaWJyYXJpYW5faWQiOjF9:1uxghJ:mL_LRO8Rj58QO1PzTxGrSM8XKGhoKjBRlYaPUSFMz4E", "expire_date": "2025-09-28T06:58:53.353Z"}}, {"model": "sessions.session", "pk": "l0xvfrelf2kksenx7cjmni4qrimnl1wf", "fields": {"session_data": "eyJsaWJyYXJpYW5faWQiOjEsIm9yZGVySUQiOjJ9:1uxUQL:eJ9HebWVjnh4UZPBCJxfg7hCpkAMSLv4--XtrKYOWHs", "expire_date": "2025-09-27T17:52:33.736Z"}}, {"model": "booklib.book", "pk": 1, "fields": {"title_rus": "Волшебник Изумрудного города", "title_orig": "", "year": 1939, "quantity_pages": 124, "rating": "5.0", "counter_rating": "1.0", "return_rating": null, "general_quantity": 5, "current_quantity": 3, "distrib_quantity": 2, "genres": [3]}}, {"model": "booklib.book", "pk": 2, "fields": {"title_rus": "Приключения Чиполлино", "title_orig": "", "year": 2025, "quantity_pages": 110, "rating": "5.0", "counter_rating": "2.0", "return_rating": null, "general_quantity": 5, "current_quantity": 3, "distrib_quantity": 2, "genres": [3]}}, {"model": "booklib.book", "pk": 3, "fields": {"title_rus": "Мертвый души", "title_orig": "", "year": 2020, "quantity_pages": 352, "rating": "0.0", "counter_rating": "0.0", "return_rating": null, "general_quantity": 2, "current_quantity": 2, "distrib_quantity": 0, "genres": [4, 6]}}, {"model": "booklib.bookobj", "pk": "035e4ef2-2a0d-4141-b3bb-993ca25b4085", "fields": {"book": 1, "registr_date": "2025-09-13", "price": "800.00", "price_per_day": "10.00", "current_day_price": "10.00", "coefficient": "1.0", "space": "полка а", "status_book": false, "mark": false, "return_order": []}}, {"model": "booklib.bookobj", "pk": "098d08bb-698d-4613-a6e6-1c53a3f6841d", "fields": {"book": 2, "registr_date": "2025-09-13", "price": "35.00", "price_per_day": "1.00", "current_day_price": "1.00", "coefficient": "1.0", "space": "полка а", "status_book": true, "mark": false, "return_order": [2, 6, 8]}}, {"model": "booklib.bookobj", "pk": "17560a93-c2c9-4898-8c94-e691608cdf7b", "fields": {"book": 2, "registr_date": "2025-09-13", "price": "35.00", "price_per_day": "1.00", "current_day_price": "1.00", "coefficient": "1.0", "space": "полка а", "status_book": false, "mark": false, "return_order": []}}, {"model": "booklib.bookobj", "pk": "1de7f74e-eb07-4b52-a99c-a2a1d7a69f96", "fields": {"book": 1, "registr_date": "2025-09-13", "price": "800.00", "price_per_day": "10.00", "current_day_price": "10.00", "coefficient": "1.0", "space": "полка а", "status_book": false, "mark": false, "return_order": []}}, {"model": "booklib.bookobj", "pk": "211d0dca-eb06-439d-aa4b-5e717b475d35", "fields": {"book": 1, "registr_date": "2025-09-13", "price": "800.00", "price_per_day": "10.00", "current_day_price": "10.00", "coefficient": "1.0", "space": "полка а", "status_book": false, "mark": false, "return_order": []}}, {"model": "booklib.bookobj", "pk": "2dc217da-4844-49b4-8fd3-f9c8aa9a0ac7", "fields": {"book": 3, "registr_date": "2025-09-14", "price": "13.00", "price_per_day": "0.50", "current_day_price": "0.50", "coefficient": "1.0", "space": "полка б", "status_book": false, "mark": false, "return_order": []}}, {"model": "booklib.bookobj", "pk": "2e2aeb85-09e4-4d7d-b14d-d0d740e86497", "fields": {"book": 3, "registr_date": "2025-09-14", "price": "13.00", "price_per_day": "0.50", "current_day_price": "0.50", "coefficient": "1.0", "space": "полка б", "status_book": false, "mark": false, "return_order": []}}, {"model": "booklib.bookobj", "pk": "2feed9fa-37e0-461e-9b10-2d4e75c2a7fe", "fields": {"book": 2, "registr_date": "2025-09-13", "price": "35.00", "price_per_day": "1.00", "current_day_price": "1.00", "coefficient": "1.0", "space": "полка а", "status_book": false, "mark": false, "return_order": []}}, {"model": "booklib.bookobj", "pk": "4861922d-633f-4855-9b3c-cb93c4edef94", "fields": {"book": 1, "registr_date": "2025-09-13", "price": "800.00", "price_per_day": "10.00", "current_day_price": "10.00", "coefficient": "1.0", "space": "полка а", "status_book": true, "mark": false, "return_order": [3]}}, {"model": "booklib.bookobj", "pk": "4ade34da-8ffc-468c-8330-3fba6b503631", "fields": {"book": 2, "registr_date": "2025-09-13", "price": "35.00", "price_per_day": "1.00", "current_day_price": "1.00", "coefficient": "1.0", "space": "полка а", "status_book": false, "mark": false, "return_order": []}}, {"model": "booklib.bookobj", "pk": "69bb6e17-d56e-49f8-9dfd-d4b0b75f95cc", "fields": {"book": 1, "registr_date": "2025-09-13", "price": "800.00", "price_per_day": "10.00", "current_day_price": "10.00", "coefficient": "1.0", "space": "полка а", "status_book": true, "mark": false, "return_order": [1, 4, 8]}}, {"model": "booklib.bookobj", "pk": "bb6ab3fb-1a6c-45bb-a2fe-3539bcc57cde", "fields": {"book": 2, "registr_date": "2025-09-13", "price": "35.00", "price_per_day": "1.00", "current_day_price": "1.00", "coefficient": "1.0", "space": "полка а", "status_book": true, "mark": false, "return_order": [7]}}, {"model": "booklib.genre", "pk": 1, "fields": {"name_genre": "фантастика"}}, {"model": "booklib.genre", "pk": 2, "fields": {"name_genre": "детектив"}}, {"model": "booklib.genre", "pk": 3, "fields": {"name_genre": "сказка"}}, {"model": "booklib.genre", "pk": 4, "fields": {"name_genre": "роман"}}, {"model": "booklib.genre", "pk": 5, "fields": {"name_genre": "биография"}}, {"model": "booklib.genre", "pk": 6, "fields": {"name_genre": "проза"}}, {"model": "booklib.genre", "pk": 7, "fields": {"name_genre": "поэзия"}}, {"model": "booklib.genre", "pk": 8, "fields": {"name_genre": "исторический"}}, {"model": "booklib.author", "pk": 1, "fields": {"name": "Волков А.М.", "photo_author": "", "books": [1]}}, {"model": "booklib.author", "pk": 3, "fields": {"name": "Джанни Родари", "photo_author": "", "books": [2]}}, {"model": "booklib.author", "pk": 4, "fields": {"name": "Гоголь Николай", "photo_author": "", "books": [3]}}, {"model": "booklib.fotoregistr", "pk": 1, "fields": {"books": 1, "photo_book": "photo_book/volshebnic_4e9jTht.png"}}, {"model": "booklib.fotoregistr", "pk": 2, "fields": {"books": 2, "photo_book": "photo_book/chip.jpg"}}, {"model": "booklib.fotoregistr", "pk": 3, "fields": {"books": 3, "photo_book": "photo_book/deaded_souls.jpg"}}, {"model": "booklib.fotostatus", "pk": 1, "fields": {"book_obj": "69bb6e17-d56e-49f8-9dfd-d4b0b75f95cc", "photo_status": "", "list_status": ""}}, {"model": "booklib.fotostatus", "pk": 2, "fields": {"book_obj": "098d08bb-698d-4613-a6e6-1c53a3f6841d", "photo_status": "", "list_status": ""}}, {"model": "booklib.fotostatus", "pk": 3, "fields": {"book_obj": "4861922d-633f-4855-9b3c-cb93c4edef94", "photo_status": "", "list_status": ""}}, {"model": "booklib.fotostatus", "pk": 4, "fields": {"book_obj": "69bb6e17-d56e-49f8-9dfd-d4b0b75f95cc", "photo_status": "", "list_status": ""}}, {"model": "booklib.fotostatus", "pk": 5, "fields": {"book_obj": "098d08bb-698d-4613-a6e6-1c53a3f6841d", "photo_status": "", "list_status": ""}}, {"model": "booklib.fotostatus", "pk": 6, "fields": {"book_obj": "bb6ab3fb-1a6c-45bb-a2fe-3539bcc57cde", "photo_status": "", "list_status": ""}}, {"model": "booklib.fotostatus", "pk": 7, "fields": {"book_obj": "098d08bb-698d-4613-a6e6-1c53a3f6841d", "photo_status": "", "list_status": ""}}, {"model": "booklib.fotostatus", "pk": 8, "fields": {"book_obj": "69bb6e17-d56e-49f8-9dfd-d4b0b75f95cc", "photo_status": "", "list_status": ""}}, {"model": "booklib.person", "pk": 1, "fields": {"last_name": "Иванов", "first_name": "Иван", "surname": "Иванович", "passport": "й1", "date_of_birth": "2001-01-01", "address": "г. Минск", "mail": "qwe1@mail.ru", "agreement": true, "status_person": false, "debt": "0.00", "quantity_books": 0}}, {"model": "booklib.person", "pk": 2, "fields": {"last_name": "Петров", "first_name": "Петр", "surname": "Петрович", "passport": "й1ц2", "date_of_birth": "2002-02-02", "address": "г. Минск", "mail": "qwe2@mail.ru", "agreement": true, "status_person": false, "debt": "0.00", "quantity_books": 0}}, {"model": "booklib.person", "pk": 3, "fields": {"last_name": "Федоров", "first_name": "Федор", "surname": "Федорович", "passport": "й1ц2у3", "date_of_birth": "2003-03-03", "address": "г. Минск", "mail": "qwe3@mail.ru", "agreement": true, "status_person": false, "debt": "0.00", "quantity_books": 0}}, {"model": "booklib.person", "pk": 4, "fields": {"last_name": "Богданов", "first_name": "Богдан", "surname": "Богданович", "passport": "й1ц2у3к4", "date_of_birth": "2004-04-04", "address": "г. Минск", "mail": "qwe4@mail.ru", "agreement": true, "status_person": false, "debt": "0.00", "quantity_books": 2}}, {"model": "booklib.person", "pk": 5, "fields": {"last_name": "Антонов", "first_name": "Антон", "surname": "Антонович", "passport": "й1ц2у3к4е5", "date_of_birth": "2005-05-05", "address": "г. Минск", "mail": "qwe5@mail.ru", "agreement": true, "status_person": false, "debt": "0.00", "quantity_books": 2}}, {"model": "booklib.order", "pk": 1, "fields": {"person": 5, "distrib_date": "2025-09-13", "pre_return_date": "2025-10-13", "pre_cost": "300.00", "quantity_books": 1, "debt_order": "0.00", "status_order": false, "discount": "1.00", "book_obj": ["69bb6e17-d56e-49f8-9dfd-d4b0b75f95cc"]}}, {"model": "booklib.order", "pk": 2, "fields": {"person": 4, "distrib_date": "2025-09-13", "pre_return_date": "2025-10-13", "pre_cost": "300.00", "quantity_books": 1, "debt_order": "0.00", "status_order": false, "discount": "1.00", "book_obj": ["4861922d-633f-4855-9b3c-cb93c4edef94"]}}, {"model": "booklib.order", "pk": 3, "fields": {"person": 5, "distrib_date": "2025-09-13", "pre_return_date": "2025-10-13", "pre_cost": "330.00", "quantity_books": 2, "debt_order": "0.00", "status_order": false, "discount": "1.00", "book_obj": ["098d08bb-698d-4613-a6e6-1c53a3f6841d", "69bb6e17-d56e-49f8-9dfd-d4b0b75f95cc"]}}, {"model": "booklib.order", "pk": 4, "fields": {"person": 5, "distrib_date": "2025-09-13", "pre_return_date": "2025-10-13", "pre_cost": "330.00", "quantity_books": 2, "debt_order": "0.00", "status_order": false, "discount": "1.00", "book_obj": ["098d08bb-698d-4613-a6e6-1c53a3f6841d", "69bb6e17-d56e-49f8-9dfd-d4b0b75f95cc"]}}, {"model": "booklib.order", "pk": 5, "fields": {"person": 5, "distrib_date": "2025-09-14", "pre_return_date": "2025-10-14", "pre_cost": "330.00", "quantity_books": 2, "debt_order": "0.00", "status_order": false, "discount": "1.00", "book_obj": ["098d08bb-698d-4613-a6e6-1c53a3f6841d", "69bb6e17-d56e-49f8-9dfd-d4b0b75f95cc"]}}, {"model": "booklib.order", "pk": 6, "fields": {"person": 4, "distrib_date": "2025-09-14", "pre_return_date": "2025-10-14", "pre_cost": "30.00", "quantity_books": 1, "debt_order": "0.00", "status_order": false, "discount": "1.00", "book_obj": ["098d08bb-698d-4613-a6e6-1c53a3f6841d"]}}, {"model": "booklib.order", "pk": 7, "fields": {"person": 5, "distrib_date": "2025-09-14", "pre_return_date": "2025-10-14", "pre_cost": "30.00", "quantity_books": 1, "debt_order": "0.00", "status_order": false, "discount": "1.00", "book_obj": ["bb6ab3fb-1a6c-45bb-a2fe-3539bcc57cde"]}}, {"model": "booklib.order", "pk": 8, "fields": {"person": 5, "distrib_date": "2025-09-14", "pre_return_date": "2025-10-14", "pre_cost": "30.00", "quantity_books": 1, "debt_order": "0.00", "status_order": false, "discount": "1.00", "book_obj": ["bb6ab3fb-1a6c-45bb-a2fe-3539bcc57cde"]}}, {"model": "booklib.order", "pk": 9, "fields": {"person": 5, "distrib_date": "2025-09-14", "pre_return_date": "2025-10-14", "pre_cost": "300.00", "quantity_books": 1, "debt_order": "0.00", "status_order": true, "discount": "1.00", "book_obj": ["69bb6e17-d56e-49f8-9dfd-d4b0b75f95cc"]}}, {"model": "booklib.order", "pk": 10, "fields": {"person": 4, "distrib_date": "2025-09-14", "pre_return_date": "2025-10-14", "pre_cost": "330.00", "quantity_books": 2, "debt_order": "0.00", "status_order": true, "discount": "1.00", "book_obj": ["098d08bb-698d-4613-a6e6-1c53a3f6841d", "4861922d-633f-4855-9b3c-cb93c4edef94"]}}, {"model": "booklib.order", "pk": 11, "fields": {"person": 5, "distrib_date": "2025-09-14", "pre_return_date": "2025-10-14", "pre_cost": "30.00", "quantity_books": 1, "debt_order": "0.00", "status_order": true, "discount": "1.00", "book_obj": ["bb6ab3fb-1a6c-45bb-a2fe-3539bcc57cde"]}}, {"model": "booklib.returnb", "pk": 1, "fields": {"order": 1, "return_date": "2025-09-13", "return_cost": "0.00", "quantity_book": 1, "mark": false}}, {"model": "booklib.returnb", "pk": 2, "fields": {"order": 3, "return_date": "2025-09-13", "return_cost": "0.00", "quantity_book": 1, "mark": false}}, {"model": "booklib.returnb", "pk": 3, "fields": {"order": 2, "return_date": "2025-09-14", "return_cost": "0.00", "quantity_book": 1, "mark": false}}, {"model": "booklib.returnb", "pk": 4, "fields": {"order": 3, "return_date": "2025-09-14", "return_cost": "0.00", "quantity_book": 1, "mark": false}}, {"model": "booklib.returnb", "pk": 5, "fields": {"order": 4, "return_date": "2025-09-14", "return_cost": "0.00", "quantity_book": 1, "mark": false}}, {"model": "booklib.returnb", "pk": 6, "fields": {"order": 5, "return_date": "2025-09-14", "return_cost": "0.00", "quantity_book": 1, "mark": false}}, {"model": "booklib.returnb", "pk": 7, "fields": {"order": 8, "return_date": "2025-09-14", "return_cost": "0.00", "quantity_book": 1, "mark": false}}, {"model": "booklib.returnb", "pk": 8, "fields": {"order": 5, "return_date": "2025-09-14", "return_cost": "0.00", "quantity_book": 2, "mark": false}}, {"model": "booklib.librarian", "pk": 1, "fields": {"username": "Юля", "password": "9c1dd1a74299d0497c542002f447a4aa20aa89f403cbe51edde5676582087a0a8a910a82d0c2f02f7171fa068c10f541", "status_user": false, "last_login": "2025-09-13T15:46:06.971Z", "date_joined": "2025-09-13T15:46:06.972Z"}}]