[{"model": "auth.permission", "pk": 1, "fields": {"name": "Can add log entry", "content_type": 1, "codename": "add_logentry"}}, {"model": "auth.permission", "pk": 2, "fields": {"name": "Can change log entry", "content_type": 1, "codename": "change_logentry"}}, {"model": "auth.permission", "pk": 3, "fields": {"name": "Can delete log entry", "content_type": 1, "codename": "delete_logentry"}}, {"model": "auth.permission", "pk": 4, "fields": {"name": "Can view log entry", "content_type": 1, "codename": "view_logentry"}}, {"model": "auth.permission", "pk": 5, "fields": {"name": "Can add permission", "content_type": 2, "codename": "add_permission"}}, {"model": "auth.permission", "pk": 6, "fields": {"name": "Can change permission", "content_type": 2, "codename": "change_permission"}}, {"model": "auth.permission", "pk": 7, "fields": {"name": "Can delete permission", "content_type": 2, "codename": "delete_permission"}}, {"model": "auth.permission", "pk": 8, "fields": {"name": "Can view permission", "content_type": 2, "codename": "view_permission"}}, {"model": "auth.permission", "pk": 9, "fields": {"name": "Can add group", "content_type": 3, "codename": "add_group"}}, {"model": "auth.permission", "pk": 10, "fields": {"name": "Can change group", "content_type": 3, "codename": "change_group"}}, {"model": "auth.permission", "pk": 11, "fields": {"name": "Can delete group", "content_type": 3, "codename": "delete_group"}}, {"model": "auth.permission", "pk": 12, "fields": {"name": "Can view group", "content_type": 3, "codename": "view_group"}}, {"model": "auth.permission", "pk": 13, "fields": {"name": "Can add user", "content_type": 4, "codename": "add_user"}}, {"model": "auth.permission", "pk": 14, "fields": {"name": "Can change user", "content_type": 4, "codename": "change_user"}}, {"model": "auth.permission", "pk": 15, "fields": {"name": "Can delete user", "content_type": 4, "codename": "delete_user"}}, {"model": "auth.permission", "pk": 16, "fields": {"name": "Can view user", "content_type": 4, "codename": "view_user"}}, {"model": "auth.permission", "pk": 17, "fields": {"name": "Can add content type", "content_type": 5, "codename": "add_contenttype"}}, {"model": "auth.permission", "pk": 18, "fields": {"name": "Can change content type", "content_type": 5, "codename": "change_contenttype"}}, {"model": "auth.permission", "pk": 19, "fields": {"name": "Can delete content type", "content_type": 5, "codename": "delete_contenttype"}}, {"model": "auth.permission", "pk": 20, "fields": {"name": "Can view content type", "content_type": 5, "codename": "view_contenttype"}}, {"model": "auth.permission", "pk": 21, "fields": {"name": "Can add session", "content_type": 6, "codename": "add_session"}}, {"model": "auth.permission", "pk": 22, "fields": {"name": "Can change session", "content_type": 6, "codename": "change_session"}}, {"model": "auth.permission", "pk": 23, "fields": {"name": "Can delete session", "content_type": 6, "codename": "delete_session"}}, {"model": "auth.permission", "pk": 24, "fields": {"name": "Can view session", "content_type": 6, "codename": "view_session"}}, {"model": "auth.permission", "pk": 25, "fields": {"name": "Can add Книга", "content_type": 7, "codename": "add_book"}}, {"model": "auth.permission", "pk": 26, "fields": {"name": "Can change Книга", "content_type": 7, "codename": "change_book"}}, {"model": "auth.permission", "pk": 27, "fields": {"name": "Can delete Книга", "content_type": 7, "codename": "delete_book"}}, {"model": "auth.permission", "pk": 28, "fields": {"name": "Can view Книга", "content_type": 7, "codename": "view_book"}}, {"model": "auth.permission", "pk": 29, "fields": {"name": "Can add Жанр книги", "content_type": 8, "codename": "add_genre"}}, {"model": "auth.permission", "pk": 30, "fields": {"name": "Can change Жанр книги", "content_type": 8, "codename": "change_genre"}}, {"model": "auth.permission", "pk": 31, "fields": {"name": "Can delete Жанр книги", "content_type": 8, "codename": "delete_genre"}}, {"model": "auth.permission", "pk": 32, "fields": {"name": "Can view Жанр книги", "content_type": 8, "codename": "view_genre"}}, {"model": "auth.permission", "pk": 33, "fields": {"name": "Can add Читатель", "content_type": 9, "codename": "add_person"}}, {"model": "auth.permission", "pk": 34, "fields": {"name": "Can change Читатель", "content_type": 9, "codename": "change_person"}}, {"model": "auth.permission", "pk": 35, "fields": {"name": "Can delete Читатель", "content_type": 9, "codename": "delete_person"}}, {"model": "auth.permission", "pk": 36, "fields": {"name": "Can view Читатель", "content_type": 9, "codename": "view_person"}}, {"model": "auth.permission", "pk": 37, "fields": {"name": "Can add Автор книги", "content_type": 10, "codename": "add_author"}}, {"model": "auth.permission", "pk": 38, "fields": {"name": "Can change Автор книги", "content_type": 10, "codename": "change_author"}}, {"model": "auth.permission", "pk": 39, "fields": {"name": "Can delete Автор книги", "content_type": 10, "codename": "delete_author"}}, {"model": "auth.permission", "pk": 40, "fields": {"name": "Can view Автор книги", "content_type": 10, "codename": "view_author"}}, {"model": "auth.permission", "pk": 41, "fields": {"name": "Can add Экземпляр книги", "content_type": 11, "codename": "add_bookobj"}}, {"model": "auth.permission", "pk": 42, "fields": {"name": "Can change Экземпляр книги", "content_type": 11, "codename": "change_bookobj"}}, {"model": "auth.permission", "pk": 43, "fields": {"name": "Can delete Экземпляр книги", "content_type": 11, "codename": "delete_bookobj"}}, {"model": "auth.permission", "pk": 44, "fields": {"name": "Can view Экземпляр книги", "content_type": 11, "codename": "view_bookobj"}}, {"model": "auth.permission", "pk": 45, "fields": {"name": "Can add Фотография обложки книги", "content_type": 12, "codename": "add_fotoregistr"}}, {"model": "auth.permission", "pk": 46, "fields": {"name": "Can change Фотография обложки книги", "content_type": 12, "codename": "change_fotoregistr"}}, {"model": "auth.permission", "pk": 47, "fields": {"name": "Can delete Фотография обложки книги", "content_type": 12, "codename": "delete_fotoregistr"}}, {"model": "auth.permission", "pk": 48, "fields": {"name": "Can view Фотография обложки книги", "content_type": 12, "codename": "view_fotoregistr"}}, {"model": "auth.permission", "pk": 49, "fields": {"name": "Can add Текущее состояние книги", "content_type": 13, "codename": "add_fotostatus"}}, {"model": "auth.permission", "pk": 50, "fields": {"name": "Can change Текущее состояние книги", "content_type": 13, "codename": "change_fotostatus"}}, {"model": "auth.permission", "pk": 51, "fields": {"name": "Can delete Текущее состояние книги", "content_type": 13, "codename": "delete_fotostatus"}}, {"model": "auth.permission", "pk": 52, "fields": {"name": "Can view Текущее состояние книги", "content_type": 13, "codename": "view_fotostatus"}}, {"model": "auth.permission", "pk": 53, "fields": {"name": "Can add Ордер", "content_type": 14, "codename": "add_order"}}, {"model": "auth.permission", "pk": 54, "fields": {"name": "Can change Ордер", "content_type": 14, "codename": "change_order"}}, {"model": "auth.permission", "pk": 55, "fields": {"name": "Can delete Ордер", "content_type": 14, "codename": "delete_order"}}, {"model": "auth.permission", "pk": 56, "fields": {"name": "Can view Ордер", "content_type": 14, "codename": "view_order"}}, {"model": "auth.permission", "pk": 57, "fields": {"name": "Can add Возврат", "content_type": 15, "codename": "add_returnb"}}, {"model": "auth.permission", "pk": 58, "fields": {"name": "Can change Возврат", "content_type": 15, "codename": "change_returnb"}}, {"model": "auth.permission", "pk": 59, "fields": {"name": "Can delete Возврат", "content_type": 15, "codename": "delete_returnb"}}, {"model": "auth.permission", "pk": 60, "fields": {"name": "Can view Возврат", "content_type": 15, "codename": "view_returnb"}}, {"model": "contenttypes.contenttype", "pk": 1, "fields": {"app_label": "admin", "model": "logentry"}}, {"model": "contenttypes.contenttype", "pk": 2, "fields": {"app_label": "auth", "model": "permission"}}, {"model": "contenttypes.contenttype", "pk": 3, "fields": {"app_label": "auth", "model": "group"}}, {"model": "contenttypes.contenttype", "pk": 4, "fields": {"app_label": "auth", "model": "user"}}, {"model": "contenttypes.contenttype", "pk": 5, "fields": {"app_label": "contenttypes", "model": "contenttype"}}, {"model": "contenttypes.contenttype", "pk": 6, "fields": {"app_label": "sessions", "model": "session"}}, {"model": "contenttypes.contenttype", "pk": 7, "fields": {"app_label": "booklib", "model": "book"}}, {"model": "contenttypes.contenttype", "pk": 8, "fields": {"app_label": "booklib", "model": "genre"}}, {"model": "contenttypes.contenttype", "pk": 9, "fields": {"app_label": "booklib", "model": "person"}}, {"model": "contenttypes.contenttype", "pk": 10, "fields": {"app_label": "booklib", "model": "author"}}, {"model": "contenttypes.contenttype", "pk": 11, "fields": {"app_label": "booklib", "model": "bookobj"}}, {"model": "contenttypes.contenttype", "pk": 12, "fields": {"app_label": "booklib", "model": "fotoregistr"}}, {"model": "contenttypes.contenttype", "pk": 13, "fields": {"app_label": "booklib", "model": "fotostatus"}}, {"model": "contenttypes.contenttype", "pk": 14, "fields": {"app_label": "booklib", "model": "order"}}, {"model": "contenttypes.contenttype", "pk": 15, "fields": {"app_label": "booklib", "model": "returnb"}}, {"model": "booklib.book", "pk": 1, "fields": {"title_rus": "первая", "title_orig": "", "year": 2025, "quantity_pages": 100, "rating": null, "counter_rating": "0.0", "return_rating": null, "general_quantity": 1, "current_quantity": 0, "distrib_quantity": 1, "genres": [2]}}, {"model": "booklib.book", "pk": 2, "fields": {"title_rus": "вторая", "title_orig": "", "year": 2025, "quantity_pages": 100, "rating": "5.0", "counter_rating": "1.0", "return_rating": null, "general_quantity": 10, "current_quantity": 10, "distrib_quantity": 0, "genres": [1]}}, {"model": "booklib.book", "pk": 3, "fields": {"title_rus": "третья", "title_orig": "", "year": 2025, "quantity_pages": 100, "rating": null, "counter_rating": "0.0", "return_rating": null, "general_quantity": 10, "current_quantity": 10, "distrib_quantity": 0, "genres": [3]}}, {"model": "booklib.book", "pk": 4, "fields": {"title_rus": "четвертая", "title_orig": "", "year": 2025, "quantity_pages": 100, "rating": null, "counter_rating": "0.0", "return_rating": null, "general_quantity": 10, "current_quantity": 10, "distrib_quantity": 0, "genres": [4]}}, {"model": "booklib.book", "pk": 5, "fields": {"title_rus": "пятая", "title_orig": "", "year": 2025, "quantity_pages": 100, "rating": null, "counter_rating": "0.0", "return_rating": null, "general_quantity": 10, "current_quantity": 10, "distrib_quantity": 0, "genres": [5]}}, {"model": "booklib.book", "pk": 6, "fields": {"title_rus": "шестая", "title_orig": "", "year": 2025, "quantity_pages": 100, "rating": null, "counter_rating": "0.0", "return_rating": null, "general_quantity": 10, "current_quantity": 10, "distrib_quantity": 0, "genres": [3]}}, {"model": "booklib.bookobj", "pk": "010be078-ff95-43f6-b36e-0bb3445b67db", "fields": {"book": 5, "registr_date": "2025-09-06", "price": "100.00", "price_per_day": "10.00", "current_day_price": "10.00", "coefficient": "1.0", "space": "3", "status_book": false, "mark": false, "return_order": []}}, {"model": "booklib.bookobj", "pk": "0a38baca-cf50-419d-95a2-dd24a11656e4", "fields": {"book": 6, "registr_date": "2025-09-06", "price": "500.00", "price_per_day": "5.00", "current_day_price": "2.00", "coefficient": "0.4", "space": "1", "status_book": false, "mark": false, "return_order": [9]}}, {"model": "booklib.bookobj", "pk": "0b3629ca-b792-436f-bb37-06d4ef8b4a12", "fields": {"book": 2, "registr_date": "2025-09-06", "price": "100.00", "price_per_day": "1.00", "current_day_price": "1.00", "coefficient": "1.0", "space": "1", "status_book": false, "mark": false, "return_order": []}}, {"model": "booklib.bookobj", "pk": "1626cf83-8b9b-4cd4-8320-27774feee551", "fields": {"book": 6, "registr_date": "2025-09-06", "price": "500.00", "price_per_day": "5.00", "current_day_price": "5.00", "coefficient": "1.0", "space": "1", "status_book": false, "mark": false, "return_order": []}}, {"model": "booklib.bookobj", "pk": "179e013a-adfa-440c-99cb-95edcacc5f7d", "fields": {"book": 6, "registr_date": "2025-09-06", "price": "500.00", "price_per_day": "5.00", "current_day_price": "5.00", "coefficient": "1.0", "space": "1", "status_book": false, "mark": false, "return_order": []}}, {"model": "booklib.bookobj", "pk": "234a8c74-9ccc-4b24-a572-861689a02507", "fields": {"book": 3, "registr_date": "2025-09-06", "price": "100.00", "price_per_day": "10.00", "current_day_price": "10.00", "coefficient": "1.0", "space": "1", "status_book": false, "mark": false, "return_order": []}}, {"model": "booklib.bookobj", "pk": "23cc9194-7c93-463e-b8b8-df2a3082fc8d", "fields": {"book": 2, "registr_date": "2025-09-06", "price": "100.00", "price_per_day": "1.00", "current_day_price": "1.00", "coefficient": "1.0", "space": "1", "status_book": false, "mark": false, "return_order": []}}, {"model": "booklib.bookobj", "pk": "24c8417f-13d4-4b1a-81ae-ffe895f1217e", "fields": {"book": 5, "registr_date": "2025-09-06", "price": "100.00", "price_per_day": "10.00", "current_day_price": "10.00", "coefficient": "1.0", "space": "3", "status_book": false, "mark": false, "return_order": [8]}}, {"model": "booklib.bookobj", "pk": "380ef5ae-286f-49fa-88fb-60ef841e6ca6", "fields": {"book": 2, "registr_date": "2025-09-06", "price": "100.00", "price_per_day": "1.00", "current_day_price": "1.00", "coefficient": "1.0", "space": "1", "status_book": false, "mark": false, "return_order": []}}, {"model": "booklib.bookobj", "pk": "3ab8cb55-0646-41fa-a95e-c0132c13347c", "fields": {"book": 2, "registr_date": "2025-09-06", "price": "100.00", "price_per_day": "1.00", "current_day_price": "1.00", "coefficient": "1.0", "space": "1", "status_book": false, "mark": false, "return_order": [1, 3, 4, 5, 6, 7, 10]}}, {"model": "booklib.bookobj", "pk": "45a0d99a-d078-4fc1-a9f5-a51a0872fd1c", "fields": {"book": 2, "registr_date": "2025-09-06", "price": "100.00", "price_per_day": "1.00", "current_day_price": "1.00", "coefficient": "1.0", "space": "1", "status_book": false, "mark": false, "return_order": []}}, {"model": "booklib.bookobj", "pk": "4974d1f6-2214-49aa-a94a-13c7d84d0dd4", "fields": {"book": 4, "registr_date": "2025-09-06", "price": "100.00", "price_per_day": "2.00", "current_day_price": "2.00", "coefficient": "1.0", "space": "2", "status_book": false, "mark": false, "return_order": []}}, {"model": "booklib.bookobj", "pk": "4e3bc0b9-c304-4d29-9841-c6aa4f576dc6", "fields": {"book": 4, "registr_date": "2025-09-06", "price": "100.00", "price_per_day": "2.00", "current_day_price": "2.00", "coefficient": "1.0", "space": "2", "status_book": false, "mark": false, "return_order": []}}, {"model": "booklib.bookobj", "pk": "573f786f-2f62-42bc-930c-98f59668a719", "fields": {"book": 3, "registr_date": "2025-09-06", "price": "100.00", "price_per_day": "10.00", "current_day_price": "10.00", "coefficient": "1.0", "space": "1", "status_book": false, "mark": false, "return_order": []}}, {"model": "booklib.bookobj", "pk": "59abee34-63ea-49ab-a5f9-6dd3da526cdb", "fields": {"book": 3, "registr_date": "2025-09-06", "price": "100.00", "price_per_day": "10.00", "current_day_price": "10.00", "coefficient": "1.0", "space": "1", "status_book": false, "mark": false, "return_order": []}}, {"model": "booklib.bookobj", "pk": "5dcde35c-224a-499c-8a89-0f6d4ff38603", "fields": {"book": 4, "registr_date": "2025-09-06", "price": "100.00", "price_per_day": "2.00", "current_day_price": "2.00", "coefficient": "1.0", "space": "2", "status_book": false, "mark": false, "return_order": []}}, {"model": "booklib.bookobj", "pk": "5edeb5e1-f24d-4792-ba4f-583f69ba9936", "fields": {"book": 5, "registr_date": "2025-09-06", "price": "100.00", "price_per_day": "10.00", "current_day_price": "10.00", "coefficient": "1.0", "space": "3", "status_book": false, "mark": false, "return_order": []}}, {"model": "booklib.bookobj", "pk": "604a20e8-edd6-459f-9d01-4dbf7d595e46", "fields": {"book": 3, "registr_date": "2025-09-06", "price": "100.00", "price_per_day": "10.00", "current_day_price": "10.00", "coefficient": "1.0", "space": "1", "status_book": false, "mark": false, "return_order": []}}, {"model": "booklib.bookobj", "pk": "674b5f06-c772-4dff-98b1-de48db4c7bbc", "fields": {"book": 4, "registr_date": "2025-09-06", "price": "100.00", "price_per_day": "2.00", "current_day_price": "2.00", "coefficient": "1.0", "space": "2", "status_book": false, "mark": false, "return_order": []}}, {"model": "booklib.bookobj", "pk": "6d4b0bd6-4971-4693-ae09-48c791406625", "fields": {"book": 5, "registr_date": "2025-09-06", "price": "100.00", "price_per_day": "10.00", "current_day_price": "10.00", "coefficient": "1.0", "space": "3", "status_book": false, "mark": false, "return_order": []}}, {"model": "booklib.bookobj", "pk": "75789d78-032f-48d4-bc66-390e08d42a84", "fields": {"book": 5, "registr_date": "2025-09-06", "price": "100.00", "price_per_day": "10.00", "current_day_price": "10.00", "coefficient": "1.0", "space": "3", "status_book": false, "mark": false, "return_order": []}}, {"model": "booklib.bookobj", "pk": "79b95a40-2d0b-42d2-adfe-a8c4344d3b0c", "fields": {"book": 5, "registr_date": "2025-09-06", "price": "100.00", "price_per_day": "10.00", "current_day_price": "10.00", "coefficient": "1.0", "space": "3", "status_book": false, "mark": false, "return_order": []}}, {"model": "booklib.bookobj", "pk": "7d03ae62-6242-4bd8-9e18-22487f4417ca", "fields": {"book": 4, "registr_date": "2025-09-06", "price": "100.00", "price_per_day": "2.00", "current_day_price": "2.00", "coefficient": "1.0", "space": "2", "status_book": false, "mark": false, "return_order": []}}, {"model": "booklib.bookobj", "pk": "82a51c8f-cc38-46e0-9600-8c02078f45ad", "fields": {"book": 6, "registr_date": "2025-09-06", "price": "500.00", "price_per_day": "5.00", "current_day_price": "5.00", "coefficient": "1.0", "space": "1", "status_book": false, "mark": false, "return_order": []}}, {"model": "booklib.bookobj", "pk": "89f1d88d-791c-4c55-8871-8c650dd90dc6", "fields": {"book": 6, "registr_date": "2025-09-06", "price": "500.00", "price_per_day": "5.00", "current_day_price": "5.00", "coefficient": "1.0", "space": "1", "status_book": false, "mark": false, "return_order": []}}, {"model": "booklib.bookobj", "pk": "8bec69cb-094c-4d1b-82de-fc49093a67a4", "fields": {"book": 4, "registr_date": "2025-09-06", "price": "100.00", "price_per_day": "2.00", "current_day_price": "2.00", "coefficient": "1.0", "space": "2", "status_book": false, "mark": false, "return_order": []}}, {"model": "booklib.bookobj", "pk": "8d16b373-9acb-4a8a-8602-295d2705688e", "fields": {"book": 6, "registr_date": "2025-09-06", "price": "500.00", "price_per_day": "5.00", "current_day_price": "5.00", "coefficient": "1.0", "space": "1", "status_book": false, "mark": false, "return_order": []}}, {"model": "booklib.bookobj", "pk": "9793be8f-0c3a-44c2-9d1a-1db9e572849c", "fields": {"book": 6, "registr_date": "2025-09-06", "price": "500.00", "price_per_day": "5.00", "current_day_price": "5.00", "coefficient": "1.0", "space": "1", "status_book": false, "mark": false, "return_order": []}}, {"model": "booklib.bookobj", "pk": "988748e0-fa83-4604-9806-8e58f4a2838d", "fields": {"book": 3, "registr_date": "2025-09-06", "price": "100.00", "price_per_day": "10.00", "current_day_price": "10.00", "coefficient": "1.0", "space": "1", "status_book": false, "mark": false, "return_order": [1]}}, {"model": "booklib.bookobj", "pk": "99156a4b-4469-4fc2-b1f0-1d09d491dacb", "fields": {"book": 3, "registr_date": "2025-09-06", "price": "100.00", "price_per_day": "10.00", "current_day_price": "10.00", "coefficient": "1.0", "space": "1", "status_book": false, "mark": false, "return_order": []}}, {"model": "booklib.bookobj", "pk": "9b965d12-f86c-4f4b-a387-c4f7a0c976f4", "fields": {"book": 1, "registr_date": "2025-09-06", "price": "100.00", "price_per_day": "1.00", "current_day_price": "1.00", "coefficient": "1.0", "space": "1", "status_book": true, "mark": false, "return_order": []}}, {"model": "booklib.bookobj", "pk": "a5e2cea3-2976-44df-bf66-bd25f62e24ee", "fields": {"book": 2, "registr_date": "2025-09-06", "price": "100.00", "price_per_day": "1.00", "current_day_price": "1.00", "coefficient": "1.0", "space": "1", "status_book": false, "mark": false, "return_order": []}}, {"model": "booklib.bookobj", "pk": "a7fb23f5-278b-4061-8bd2-19e41d4bea3e", "fields": {"book": 5, "registr_date": "2025-09-06", "price": "100.00", "price_per_day": "10.00", "current_day_price": "10.00", "coefficient": "1.0", "space": "3", "status_book": false, "mark": false, "return_order": []}}, {"model": "booklib.bookobj", "pk": "b2b475cc-18f7-42ee-9e76-0ced2b6e4a61", "fields": {"book": 5, "registr_date": "2025-09-06", "price": "100.00", "price_per_day": "10.00", "current_day_price": "10.00", "coefficient": "1.0", "space": "3", "status_book": false, "mark": false, "return_order": []}}, {"model": "booklib.bookobj", "pk": "b2c16dca-39e4-45c1-bdff-c96d73023101", "fields": {"book": 2, "registr_date": "2025-09-06", "price": "100.00", "price_per_day": "1.00", "current_day_price": "1.00", "coefficient": "1.0", "space": "1", "status_book": false, "mark": false, "return_order": []}}, {"model": "booklib.bookobj", "pk": "b36c18b1-ec09-4dc4-ab2c-9235e8089e55", "fields": {"book": 3, "registr_date": "2025-09-06", "price": "100.00", "price_per_day": "10.00", "current_day_price": "10.00", "coefficient": "1.0", "space": "1", "status_book": false, "mark": false, "return_order": []}}, {"model": "booklib.bookobj", "pk": "b3b5444e-9e38-42be-a2b9-ce63796f85ce", "fields": {"book": 3, "registr_date": "2025-09-06", "price": "100.00", "price_per_day": "10.00", "current_day_price": "10.00", "coefficient": "1.0", "space": "1", "status_book": false, "mark": false, "return_order": []}}, {"model": "booklib.bookobj", "pk": "b3e2c389-1359-417a-a237-f26ff3b84f88", "fields": {"book": 4, "registr_date": "2025-09-06", "price": "100.00", "price_per_day": "2.00", "current_day_price": "2.00", "coefficient": "1.0", "space": "2", "status_book": false, "mark": false, "return_order": []}}, {"model": "booklib.bookobj", "pk": "ba4c2efd-97a0-4afd-96f8-9b8617c7b34f", "fields": {"book": 4, "registr_date": "2025-09-06", "price": "100.00", "price_per_day": "2.00", "current_day_price": "2.00", "coefficient": "1.0", "space": "2", "status_book": false, "mark": false, "return_order": []}}, {"model": "booklib.bookobj", "pk": "c3eeffde-90fb-4fc2-8152-fa57cb7c1cd9", "fields": {"book": 5, "registr_date": "2025-09-06", "price": "100.00", "price_per_day": "10.00", "current_day_price": "10.00", "coefficient": "1.0", "space": "3", "status_book": false, "mark": false, "return_order": []}}, {"model": "booklib.bookobj", "pk": "c76adbfb-00ed-4bf1-924d-f3e33638b701", "fields": {"book": 4, "registr_date": "2025-09-06", "price": "100.00", "price_per_day": "2.00", "current_day_price": "2.00", "coefficient": "1.0", "space": "2", "status_book": false, "mark": false, "return_order": []}}, {"model": "booklib.bookobj", "pk": "c78f5471-bb9c-46b8-814f-43c9ca52d254", "fields": {"book": 4, "registr_date": "2025-09-06", "price": "100.00", "price_per_day": "2.00", "current_day_price": "2.00", "coefficient": "1.0", "space": "2", "status_book": false, "mark": false, "return_order": []}}, {"model": "booklib.bookobj", "pk": "d192010a-6c65-4c60-b724-21d00b9fe27e", "fields": {"book": 5, "registr_date": "2025-09-06", "price": "100.00", "price_per_day": "10.00", "current_day_price": "10.00", "coefficient": "1.0", "space": "3", "status_book": false, "mark": false, "return_order": []}}, {"model": "booklib.bookobj", "pk": "da0f4265-3753-4cd7-81ff-e1107f00baae", "fields": {"book": 3, "registr_date": "2025-09-06", "price": "100.00", "price_per_day": "10.00", "current_day_price": "10.00", "coefficient": "1.0", "space": "1", "status_book": false, "mark": false, "return_order": []}}, {"model": "booklib.bookobj", "pk": "e1684e61-7dc2-4b4c-88ee-e467e8872b80", "fields": {"book": 6, "registr_date": "2025-09-06", "price": "500.00", "price_per_day": "5.00", "current_day_price": "5.00", "coefficient": "1.0", "space": "1", "status_book": false, "mark": false, "return_order": []}}, {"model": "booklib.bookobj", "pk": "e7c7ec4a-d27a-4f20-ad85-f63da2107c93", "fields": {"book": 2, "registr_date": "2025-09-06", "price": "100.00", "price_per_day": "1.00", "current_day_price": "1.00", "coefficient": "1.0", "space": "1", "status_book": false, "mark": false, "return_order": []}}, {"model": "booklib.bookobj", "pk": "e7f68e65-5d72-47d7-a51f-628eb7cf865a", "fields": {"book": 2, "registr_date": "2025-09-06", "price": "100.00", "price_per_day": "1.00", "current_day_price": "1.00", "coefficient": "1.0", "space": "1", "status_book": false, "mark": false, "return_order": []}}, {"model": "booklib.bookobj", "pk": "e8e887d4-7adc-4c85-9326-49b23b0b2119", "fields": {"book": 3, "registr_date": "2025-09-06", "price": "100.00", "price_per_day": "10.00", "current_day_price": "10.00", "coefficient": "1.0", "space": "1", "status_book": false, "mark": false, "return_order": []}}, {"model": "booklib.bookobj", "pk": "ee56b08c-9797-4d8e-8fdd-819f9c9f79fa", "fields": {"book": 6, "registr_date": "2025-09-06", "price": "500.00", "price_per_day": "5.00", "current_day_price": "5.00", "coefficient": "1.0", "space": "1", "status_book": false, "mark": false, "return_order": []}}, {"model": "booklib.bookobj", "pk": "eff23ef3-d9f2-4ee8-9584-6f3f97ac72fb", "fields": {"book": 6, "registr_date": "2025-09-06", "price": "500.00", "price_per_day": "5.00", "current_day_price": "5.00", "coefficient": "1.0", "space": "1", "status_book": false, "mark": false, "return_order": []}}, {"model": "booklib.bookobj", "pk": "f28061bb-7e82-4d02-953a-9ef0092a858c", "fields": {"book": 2, "registr_date": "2025-09-06", "price": "100.00", "price_per_day": "1.00", "current_day_price": "1.00", "coefficient": "1.0", "space": "1", "status_book": false, "mark": false, "return_order": []}}, {"model": "booklib.genre", "pk": 1, "fields": {"name_genre": "фантастика"}}, {"model": "booklib.genre", "pk": 2, "fields": {"name_genre": "роман"}}, {"model": "booklib.genre", "pk": 3, "fields": {"name_genre": "драма"}}, {"model": "booklib.genre", "pk": 4, "fields": {"name_genre": "сказка"}}, {"model": "booklib.genre", "pk": 5, "fields": {"name_genre": "поэма"}}, {"model": "booklib.genre", "pk": 6, "fields": {"name_genre": "поэзия"}}, {"model": "booklib.genre", "pk": 7, "fields": {"name_genre": "биография"}}, {"model": "booklib.author", "pk": 1, "fields": {"name": "первый", "photo_author": "", "books": [1]}}, {"model": "booklib.author", "pk": 2, "fields": {"name": "", "photo_author": "", "books": [1, 2, 5, 3, 4, 6]}}, {"model": "booklib.author", "pk": 3, "fields": {"name": "второй", "photo_author": "", "books": [2]}}, {"model": "booklib.author", "pk": 4, "fields": {"name": "третий", "photo_author": "", "books": [3]}}, {"model": "booklib.author", "pk": 5, "fields": {"name": "четвертый", "photo_author": "", "books": [4]}}, {"model": "booklib.author", "pk": 6, "fields": {"name": "пятый", "photo_author": "", "books": [5]}}, {"model": "booklib.author", "pk": 7, "fields": {"name": "шестой", "photo_author": "", "books": [6]}}, {"model": "booklib.fotoregistr", "pk": 1, "fields": {"books": 1, "photo_book": "photo_book/volshebnic_jmyzecD.png"}}, {"model": "booklib.fotoregistr", "pk": 2, "fields": {"books": 2, "photo_book": "photo_book/volshebnic_ddQunp1.png"}}, {"model": "booklib.fotoregistr", "pk": 3, "fields": {"books": 3, "photo_book": "photo_book/volshebnic_i9I8awx.png"}}, {"model": "booklib.fotoregistr", "pk": 4, "fields": {"books": 4, "photo_book": "photo_book/volshebnic_HV3Uwgy.png"}}, {"model": "booklib.fotoregistr", "pk": 5, "fields": {"books": 5, "photo_book": "photo_book/volshebnic_Bij0uEC.png"}}, {"model": "booklib.fotoregistr", "pk": 6, "fields": {"books": 6, "photo_book": "photo_book/volshebnic_ib76PmZ.png"}}, {"model": "booklib.fotostatus", "pk": 1, "fields": {"book_obj": "3ab8cb55-0646-41fa-a95e-c0132c13347c", "photo_status": "", "list_status": ""}}, {"model": "booklib.fotostatus", "pk": 2, "fields": {"book_obj": "988748e0-fa83-4604-9806-8e58f4a2838d", "photo_status": "", "list_status": "sads"}}, {"model": "booklib.fotostatus", "pk": 3, "fields": {"book_obj": "3ab8cb55-0646-41fa-a95e-c0132c13347c", "photo_status": "", "list_status": ""}}, {"model": "booklib.fotostatus", "pk": 4, "fields": {"book_obj": "3ab8cb55-0646-41fa-a95e-c0132c13347c", "photo_status": "", "list_status": ""}}, {"model": "booklib.fotostatus", "pk": 5, "fields": {"book_obj": "3ab8cb55-0646-41fa-a95e-c0132c13347c", "photo_status": "", "list_status": ""}}, {"model": "booklib.fotostatus", "pk": 6, "fields": {"book_obj": "3ab8cb55-0646-41fa-a95e-c0132c13347c", "photo_status": "", "list_status": ""}}, {"model": "booklib.fotostatus", "pk": 7, "fields": {"book_obj": "3ab8cb55-0646-41fa-a95e-c0132c13347c", "photo_status": "", "list_status": ""}}, {"model": "booklib.fotostatus", "pk": 8, "fields": {"book_obj": "24c8417f-13d4-4b1a-81ae-ffe895f1217e", "photo_status": "", "list_status": ""}}, {"model": "booklib.fotostatus", "pk": 9, "fields": {"book_obj": "0a38baca-cf50-419d-95a2-dd24a11656e4", "photo_status": "", "list_status": "порвал"}}, {"model": "booklib.fotostatus", "pk": 10, "fields": {"book_obj": "3ab8cb55-0646-41fa-a95e-c0132c13347c", "photo_status": "", "list_status": ""}}, {"model": "booklib.person", "pk": 1, "fields": {"last_name": "Иванов", "first_name": "Иван", "surname": "Иванович", "passport": "q1", "date_of_birth": "2001-01-01", "address": "г. Минск", "mail": "qwe1@mail.ru", "agreement": true, "status_person": false, "debt": "0.00", "quantity_books": 0}}, {"model": "booklib.person", "pk": 2, "fields": {"last_name": "Петров", "first_name": "Петр", "surname": "Петрович", "passport": "q1w2", "date_of_birth": "2002-02-02", "address": "г. Минск", "mail": "qwe2@mail.ru", "agreement": true, "status_person": false, "debt": "0.00", "quantity_books": 0}}, {"model": "booklib.person", "pk": 3, "fields": {"last_name": "Федоров", "first_name": "Федор", "surname": "Федорович", "passport": "q1w2e3", "date_of_birth": "2003-03-03", "address": "г. Минск", "mail": "qwe3@mail.ru", "agreement": true, "status_person": false, "debt": "0.00", "quantity_books": 0}}, {"model": "booklib.person", "pk": 4, "fields": {"last_name": "Богданов", "first_name": "Богдан", "surname": "Богданович", "passport": "q1w2e3r4", "date_of_birth": "2004-04-04", "address": "г. Минск", "mail": "qwe4@mail.ru", "agreement": true, "status_person": false, "debt": "0.00", "quantity_books": 0}}, {"model": "booklib.person", "pk": 5, "fields": {"last_name": "Сорокин", "first_name": "Алексей", "surname": null, "passport": "1й2ц3у4к5е6н", "date_of_birth": "2013-04-18", "address": "г. Минск", "mail": "qwe5@mail.ru", "agreement": true, "status_person": false, "debt": "0.00", "quantity_books": 0}}, {"model": "booklib.order", "pk": 1, "fields": {"person": 4, "distrib_date": "2025-09-06", "pre_return_date": "2025-10-06", "pre_cost": "324.00", "quantity_books": 3, "debt_order": "40.63", "status_order": false, "discount": "0.90", "mark": false, "book_obj": ["3ab8cb55-0646-41fa-a95e-c0132c13347c", "988748e0-fa83-4604-9806-8e58f4a2838d", "9b965d12-f86c-4f4b-a387-c4f7a0c976f4"]}}, {"model": "booklib.order", "pk": 2, "fields": {"person": 4, "distrib_date": "2025-09-06", "pre_return_date": "2025-10-06", "pre_cost": "30.00", "quantity_books": 1, "debt_order": "0.00", "status_order": false, "discount": "1.00", "mark": false, "book_obj": ["3ab8cb55-0646-41fa-a95e-c0132c13347c"]}}, {"model": "booklib.order", "pk": 3, "fields": {"person": 4, "distrib_date": "2025-09-06", "pre_return_date": "2025-10-06", "pre_cost": "30.00", "quantity_books": 1, "debt_order": "0.00", "status_order": false, "discount": "1.00", "mark": false, "book_obj": ["3ab8cb55-0646-41fa-a95e-c0132c13347c"]}}, {"model": "booklib.order", "pk": 4, "fields": {"person": 4, "distrib_date": "2025-09-06", "pre_return_date": "2025-10-06", "pre_cost": "30.00", "quantity_books": 1, "debt_order": "0.00", "status_order": false, "discount": "1.00", "mark": false, "book_obj": ["3ab8cb55-0646-41fa-a95e-c0132c13347c"]}}, {"model": "booklib.order", "pk": 5, "fields": {"person": 1, "distrib_date": "2025-09-06", "pre_return_date": "2025-10-06", "pre_cost": "30.00", "quantity_books": 1, "debt_order": "0.00", "status_order": false, "discount": "1.00", "mark": false, "book_obj": ["3ab8cb55-0646-41fa-a95e-c0132c13347c"]}}, {"model": "booklib.order", "pk": 6, "fields": {"person": 3, "distrib_date": "2025-09-06", "pre_return_date": "2025-10-06", "pre_cost": "30.00", "quantity_books": 1, "debt_order": "0.00", "status_order": false, "discount": "1.00", "mark": false, "book_obj": ["3ab8cb55-0646-41fa-a95e-c0132c13347c"]}}, {"model": "booklib.order", "pk": 7, "fields": {"person": 1, "distrib_date": "2025-09-06", "pre_return_date": "2025-10-06", "pre_cost": "330.00", "quantity_books": 2, "debt_order": "0.00", "status_order": false, "discount": "1.00", "mark": false, "book_obj": ["24c8417f-13d4-4b1a-81ae-ffe895f1217e", "3ab8cb55-0646-41fa-a95e-c0132c13347c"]}}, {"model": "booklib.order", "pk": 8, "fields": {"person": 5, "distrib_date": "2025-09-06", "pre_return_date": "2025-10-06", "pre_cost": "150.00", "quantity_books": 1, "debt_order": "0.00", "status_order": false, "discount": "1.00", "mark": false, "book_obj": ["0a38baca-cf50-419d-95a2-dd24a11656e4"]}}, {"model": "booklib.returnb", "pk": 1, "fields": {"order": 1, "return_date": "2025-09-06", "return_cost": "297.00", "quantity_book": 2, "mark": false}}, {"model": "booklib.returnb", "pk": 2, "fields": {"order": 1, "return_date": "2025-09-06", "return_cost": "0.00", "quantity_book": 1, "mark": false}}, {"model": "booklib.returnb", "pk": 3, "fields": {"order": 2, "return_date": "2025-09-06", "return_cost": "30.00", "quantity_book": 1, "mark": false}}, {"model": "booklib.returnb", "pk": 4, "fields": {"order": 3, "return_date": "2025-09-06", "return_cost": "30.00", "quantity_book": 1, "mark": false}}, {"model": "booklib.returnb", "pk": 5, "fields": {"order": 4, "return_date": "2025-09-06", "return_cost": "30.00", "quantity_book": 1, "mark": false}}, {"model": "booklib.returnb", "pk": 6, "fields": {"order": 5, "return_date": "2025-09-06", "return_cost": "30.00", "quantity_book": 1, "mark": false}}, {"model": "booklib.returnb", "pk": 7, "fields": {"order": 6, "return_date": "2025-09-06", "return_cost": "30.00", "quantity_book": 1, "mark": false}}, {"model": "booklib.returnb", "pk": 8, "fields": {"order": 7, "return_date": "2025-09-06", "return_cost": "300.00", "quantity_book": 1, "mark": false}}, {"model": "booklib.returnb", "pk": 9, "fields": {"order": 8, "return_date": "2025-09-06", "return_cost": "150.00", "quantity_book": 1, "mark": false}}, {"model": "booklib.returnb", "pk": 10, "fields": {"order": 7, "return_date": "2025-09-07", "return_cost": "1.00", "quantity_book": 1, "mark": false}}]