[{"model": "admin.logentry", "pk": 1, "fields": {"action_time": "2025-09-02T18:25:26.065Z", "user": 1, "content_type": 8, "object_id": "1", "object_repr": "фантастика", "action_flag": 1, "change_message": "[{\"added\": {}}]"}}, {"model": "admin.logentry", "pk": 2, "fields": {"action_time": "2025-09-02T18:25:31.819Z", "user": 1, "content_type": 8, "object_id": "2", "object_repr": "детектив", "action_flag": 1, "change_message": "[{\"added\": {}}]"}}, {"model": "admin.logentry", "pk": 3, "fields": {"action_time": "2025-09-02T18:25:48.411Z", "user": 1, "content_type": 8, "object_id": "3", "object_repr": "роман", "action_flag": 1, "change_message": "[{\"added\": {}}]"}}, {"model": "auth.permission", "pk": 1, "fields": {"name": "Can add log entry", "content_type": 1, "codename": "add_logentry"}}, {"model": "auth.permission", "pk": 2, "fields": {"name": "Can change log entry", "content_type": 1, "codename": "change_logentry"}}, {"model": "auth.permission", "pk": 3, "fields": {"name": "Can delete log entry", "content_type": 1, "codename": "delete_logentry"}}, {"model": "auth.permission", "pk": 4, "fields": {"name": "Can view log entry", "content_type": 1, "codename": "view_logentry"}}, {"model": "auth.permission", "pk": 5, "fields": {"name": "Can add permission", "content_type": 2, "codename": "add_permission"}}, {"model": "auth.permission", "pk": 6, "fields": {"name": "Can change permission", "content_type": 2, "codename": "change_permission"}}, {"model": "auth.permission", "pk": 7, "fields": {"name": "Can delete permission", "content_type": 2, "codename": "delete_permission"}}, {"model": "auth.permission", "pk": 8, "fields": {"name": "Can view permission", "content_type": 2, "codename": "view_permission"}}, {"model": "auth.permission", "pk": 9, "fields": {"name": "Can add group", "content_type": 3, "codename": "add_group"}}, {"model": "auth.permission", "pk": 10, "fields": {"name": "Can change group", "content_type": 3, "codename": "change_group"}}, {"model": "auth.permission", "pk": 11, "fields": {"name": "Can delete group", "content_type": 3, "codename": "delete_group"}}, {"model": "auth.permission", "pk": 12, "fields": {"name": "Can view group", "content_type": 3, "codename": "view_group"}}, {"model": "auth.permission", "pk": 13, "fields": {"name": "Can add user", "content_type": 4, "codename": "add_user"}}, {"model": "auth.permission", "pk": 14, "fields": {"name": "Can change user", "content_type": 4, "codename": "change_user"}}, {"model": "auth.permission", "pk": 15, "fields": {"name": "Can delete user", "content_type": 4, "codename": "delete_user"}}, {"model": "auth.permission", "pk": 16, "fields": {"name": "Can view user", "content_type": 4, "codename": "view_user"}}, {"model": "auth.permission", "pk": 17, "fields": {"name": "Can add content type", "content_type": 5, "codename": "add_contenttype"}}, {"model": "auth.permission", "pk": 18, "fields": {"name": "Can change content type", "content_type": 5, "codename": "change_contenttype"}}, {"model": "auth.permission", "pk": 19, "fields": {"name": "Can delete content type", "content_type": 5, "codename": "delete_contenttype"}}, {"model": "auth.permission", "pk": 20, "fields": {"name": "Can view content type", "content_type": 5, "codename": "view_contenttype"}}, {"model": "auth.permission", "pk": 21, "fields": {"name": "Can add session", "content_type": 6, "codename": "add_session"}}, {"model": "auth.permission", "pk": 22, "fields": {"name": "Can change session", "content_type": 6, "codename": "change_session"}}, {"model": "auth.permission", "pk": 23, "fields": {"name": "Can delete session", "content_type": 6, "codename": "delete_session"}}, {"model": "auth.permission", "pk": 24, "fields": {"name": "Can view session", "content_type": 6, "codename": "view_session"}}, {"model": "auth.permission", "pk": 25, "fields": {"name": "Can add Книга", "content_type": 7, "codename": "add_book"}}, {"model": "auth.permission", "pk": 26, "fields": {"name": "Can change Книга", "content_type": 7, "codename": "change_book"}}, {"model": "auth.permission", "pk": 27, "fields": {"name": "Can delete Книга", "content_type": 7, "codename": "delete_book"}}, {"model": "auth.permission", "pk": 28, "fields": {"name": "Can view Книга", "content_type": 7, "codename": "view_book"}}, {"model": "auth.permission", "pk": 29, "fields": {"name": "Can add Жанр книги", "content_type": 8, "codename": "add_genre"}}, {"model": "auth.permission", "pk": 30, "fields": {"name": "Can change Жанр книги", "content_type": 8, "codename": "change_genre"}}, {"model": "auth.permission", "pk": 31, "fields": {"name": "Can delete Жанр книги", "content_type": 8, "codename": "delete_genre"}}, {"model": "auth.permission", "pk": 32, "fields": {"name": "Can view Жанр книги", "content_type": 8, "codename": "view_genre"}}, {"model": "auth.permission", "pk": 33, "fields": {"name": "Can add Читатель", "content_type": 9, "codename": "add_person"}}, {"model": "auth.permission", "pk": 34, "fields": {"name": "Can change Читатель", "content_type": 9, "codename": "change_person"}}, {"model": "auth.permission", "pk": 35, "fields": {"name": "Can delete Читатель", "content_type": 9, "codename": "delete_person"}}, {"model": "auth.permission", "pk": 36, "fields": {"name": "Can view Читатель", "content_type": 9, "codename": "view_person"}}, {"model": "auth.permission", "pk": 37, "fields": {"name": "Can add Автор книги", "content_type": 10, "codename": "add_author"}}, {"model": "auth.permission", "pk": 38, "fields": {"name": "Can change Автор книги", "content_type": 10, "codename": "change_author"}}, {"model": "auth.permission", "pk": 39, "fields": {"name": "Can delete Автор книги", "content_type": 10, "codename": "delete_author"}}, {"model": "auth.permission", "pk": 40, "fields": {"name": "Can view Автор книги", "content_type": 10, "codename": "view_author"}}, {"model": "auth.permission", "pk": 41, "fields": {"name": "Can add Экземпляр книги", "content_type": 11, "codename": "add_bookobj"}}, {"model": "auth.permission", "pk": 42, "fields": {"name": "Can change Экземпляр книги", "content_type": 11, "codename": "change_bookobj"}}, {"model": "auth.permission", "pk": 43, "fields": {"name": "Can delete Экземпляр книги", "content_type": 11, "codename": "delete_bookobj"}}, {"model": "auth.permission", "pk": 44, "fields": {"name": "Can view Экземпляр книги", "content_type": 11, "codename": "view_bookobj"}}, {"model": "auth.permission", "pk": 45, "fields": {"name": "Can add Фотография обложки книги", "content_type": 12, "codename": "add_fotoregistr"}}, {"model": "auth.permission", "pk": 46, "fields": {"name": "Can change Фотография обложки книги", "content_type": 12, "codename": "change_fotoregistr"}}, {"model": "auth.permission", "pk": 47, "fields": {"name": "Can delete Фотография обложки книги", "content_type": 12, "codename": "delete_fotoregistr"}}, {"model": "auth.permission", "pk": 48, "fields": {"name": "Can view Фотография обложки книги", "content_type": 12, "codename": "view_fotoregistr"}}, {"model": "auth.permission", "pk": 49, "fields": {"name": "Can add Текущее состояние книги", "content_type": 13, "codename": "add_fotostatus"}}, {"model": "auth.permission", "pk": 50, "fields": {"name": "Can change Текущее состояние книги", "content_type": 13, "codename": "change_fotostatus"}}, {"model": "auth.permission", "pk": 51, "fields": {"name": "Can delete Текущее состояние книги", "content_type": 13, "codename": "delete_fotostatus"}}, {"model": "auth.permission", "pk": 52, "fields": {"name": "Can view Текущее состояние книги", "content_type": 13, "codename": "view_fotostatus"}}, {"model": "auth.permission", "pk": 53, "fields": {"name": "Can add Ордер", "content_type": 14, "codename": "add_order"}}, {"model": "auth.permission", "pk": 54, "fields": {"name": "Can change Ордер", "content_type": 14, "codename": "change_order"}}, {"model": "auth.permission", "pk": 55, "fields": {"name": "Can delete Ордер", "content_type": 14, "codename": "delete_order"}}, {"model": "auth.permission", "pk": 56, "fields": {"name": "Can view Ордер", "content_type": 14, "codename": "view_order"}}, {"model": "auth.permission", "pk": 57, "fields": {"name": "Can add Возврат", "content_type": 15, "codename": "add_returnb"}}, {"model": "auth.permission", "pk": 58, "fields": {"name": "Can change Возврат", "content_type": 15, "codename": "change_returnb"}}, {"model": "auth.permission", "pk": 59, "fields": {"name": "Can delete Возврат", "content_type": 15, "codename": "delete_returnb"}}, {"model": "auth.permission", "pk": 60, "fields": {"name": "Can view Возврат", "content_type": 15, "codename": "view_returnb"}}, {"model": "auth.user", "pk": 1, "fields": {"password": "pbkdf2_sha256$1000000$pHzkNepw16FFRX11LUvvCO$HCPfm8S4P90QWyVB6glSOpqumvzM+nlS+HmTzmaOKiM=", "last_login": "2025-09-02T18:25:16.338Z", "is_superuser": true, "username": "admin", "first_name": "", "last_name": "", "email": "", "is_staff": true, "is_active": true, "date_joined": "2025-09-02T18:25:01.101Z", "groups": [], "user_permissions": []}}, {"model": "contenttypes.contenttype", "pk": 1, "fields": {"app_label": "admin", "model": "logentry"}}, {"model": "contenttypes.contenttype", "pk": 2, "fields": {"app_label": "auth", "model": "permission"}}, {"model": "contenttypes.contenttype", "pk": 3, "fields": {"app_label": "auth", "model": "group"}}, {"model": "contenttypes.contenttype", "pk": 4, "fields": {"app_label": "auth", "model": "user"}}, {"model": "contenttypes.contenttype", "pk": 5, "fields": {"app_label": "contenttypes", "model": "contenttype"}}, {"model": "contenttypes.contenttype", "pk": 6, "fields": {"app_label": "sessions", "model": "session"}}, {"model": "contenttypes.contenttype", "pk": 7, "fields": {"app_label": "booklib", "model": "book"}}, {"model": "contenttypes.contenttype", "pk": 8, "fields": {"app_label": "booklib", "model": "genre"}}, {"model": "contenttypes.contenttype", "pk": 9, "fields": {"app_label": "booklib", "model": "person"}}, {"model": "contenttypes.contenttype", "pk": 10, "fields": {"app_label": "booklib", "model": "author"}}, {"model": "contenttypes.contenttype", "pk": 11, "fields": {"app_label": "booklib", "model": "bookobj"}}, {"model": "contenttypes.contenttype", "pk": 12, "fields": {"app_label": "booklib", "model": "fotoregistr"}}, {"model": "contenttypes.contenttype", "pk": 13, "fields": {"app_label": "booklib", "model": "fotostatus"}}, {"model": "contenttypes.contenttype", "pk": 14, "fields": {"app_label": "booklib", "model": "order"}}, {"model": "contenttypes.contenttype", "pk": 15, "fields": {"app_label": "booklib", "model": "returnb"}}, {"model": "booklib.book", "pk": 2, "fields": {"title_rus": "четвертая", "title_orig": "", "year": 2025, "quantity_pages": 100, "rating": null, "counter_rating": "0.0", "return_rating": null, "general_quantity": 10, "current_quantity": 9, "distrib_quantity": 1, "genres": [2]}}, {"model": "booklib.book", "pk": 3, "fields": {"title_rus": "первая", "title_orig": "", "year": 2025, "quantity_pages": 120, "rating": null, "counter_rating": "0.0", "return_rating": null, "general_quantity": 5, "current_quantity": 3, "distrib_quantity": 2, "genres": [1, 3]}}, {"model": "booklib.book", "pk": 4, "fields": {"title_rus": "вторая", "title_orig": "", "year": 2025, "quantity_pages": 150, "rating": null, "counter_rating": "0.0", "return_rating": null, "general_quantity": 10, "current_quantity": 8, "distrib_quantity": 2, "genres": [1, 2, 3]}}, {"model": "booklib.bookobj", "pk": "0c9d8905-db4b-4c21-9c0b-f12bb91b39d7", "fields": {"book": 2, "registr_date": "2025-09-02", "price": "123.00", "price_per_day": "1.00", "coefficient": "1.0", "space": "", "status_book": false}}, {"model": "booklib.bookobj", "pk": "1144a723-18f1-4833-bcf9-f612af0d0280", "fields": {"book": 3, "registr_date": "2025-09-02", "price": "30.00", "price_per_day": "0.30", "coefficient": "1.0", "space": "полка 1", "status_book": false}}, {"model": "booklib.bookobj", "pk": "1accfdfa-53f3-42e7-acb1-7bc08a8b499f", "fields": {"book": 3, "registr_date": "2025-09-02", "price": "30.00", "price_per_day": "0.30", "coefficient": "1.0", "space": "полка 1", "status_book": true}}, {"model": "booklib.bookobj", "pk": "1f8810c5-ea26-4523-a778-f59e6278c07d", "fields": {"book": 2, "registr_date": "2025-09-02", "price": "123.00", "price_per_day": "1.00", "coefficient": "1.0", "space": "", "status_book": false}}, {"model": "booklib.bookobj", "pk": "240ff2a5-80ba-464c-a2aa-6a1ebaeaa74f", "fields": {"book": 2, "registr_date": "2025-09-02", "price": "123.00", "price_per_day": "1.00", "coefficient": "1.0", "space": "", "status_book": false}}, {"model": "booklib.bookobj", "pk": "255f0a77-38b8-4b33-bc9c-50e7e5a1f7b2", "fields": {"book": 2, "registr_date": "2025-09-02", "price": "123.00", "price_per_day": "1.00", "coefficient": "1.0", "space": "", "status_book": false}}, {"model": "booklib.bookobj", "pk": "3de06e7e-2762-46d9-8bab-4596618108ca", "fields": {"book": 2, "registr_date": "2025-09-02", "price": "123.00", "price_per_day": "1.00", "coefficient": "1.0", "space": "", "status_book": true}}, {"model": "booklib.bookobj", "pk": "3e77f624-e71e-49e0-8110-8f770106f2fe", "fields": {"book": 2, "registr_date": "2025-09-02", "price": "123.00", "price_per_day": "1.00", "coefficient": "1.0", "space": "", "status_book": false}}, {"model": "booklib.bookobj", "pk": "45145959-a849-4dc4-b644-b0c3ba1f0560", "fields": {"book": 2, "registr_date": "2025-09-02", "price": "123.00", "price_per_day": "1.00", "coefficient": "1.0", "space": "", "status_book": false}}, {"model": "booklib.bookobj", "pk": "502d48a8-ed81-4fcf-8813-0bf34b330642", "fields": {"book": 2, "registr_date": "2025-09-02", "price": "123.00", "price_per_day": "1.00", "coefficient": "1.0", "space": "", "status_book": false}}, {"model": "booklib.bookobj", "pk": "50d6c3ec-b8a8-4ceb-b934-ec71100d451e", "fields": {"book": 4, "registr_date": "2025-09-02", "price": "200.00", "price_per_day": "2.02", "coefficient": "1.0", "space": "полка б", "status_book": false}}, {"model": "booklib.bookobj", "pk": "6a46125d-7559-46d3-a89d-08de3dfeac20", "fields": {"book": 4, "registr_date": "2025-09-02", "price": "200.00", "price_per_day": "2.02", "coefficient": "1.0", "space": "полка б", "status_book": false}}, {"model": "booklib.bookobj", "pk": "71e63078-20ba-4f64-bbb0-1230f43fe3e6", "fields": {"book": 3, "registr_date": "2025-09-02", "price": "30.00", "price_per_day": "0.30", "coefficient": "1.0", "space": "полка 1", "status_book": true}}, {"model": "booklib.bookobj", "pk": "7477e672-11f9-440f-8bf6-df9410fa4340", "fields": {"book": 3, "registr_date": "2025-09-02", "price": "30.00", "price_per_day": "0.30", "coefficient": "1.0", "space": "полка 1", "status_book": false}}, {"model": "booklib.bookobj", "pk": "77bf30b5-e9d5-42ac-abe2-58830408cf00", "fields": {"book": 3, "registr_date": "2025-09-02", "price": "30.00", "price_per_day": "0.30", "coefficient": "1.0", "space": "полка 1", "status_book": false}}, {"model": "booklib.bookobj", "pk": "7875a847-9905-428a-bc50-b71f3aa9746c", "fields": {"book": 4, "registr_date": "2025-09-02", "price": "200.00", "price_per_day": "2.02", "coefficient": "1.0", "space": "полка б", "status_book": false}}, {"model": "booklib.bookobj", "pk": "7b740b9c-1974-4ee7-988c-c7f3292a30e2", "fields": {"book": 4, "registr_date": "2025-09-02", "price": "200.00", "price_per_day": "2.02", "coefficient": "1.0", "space": "полка б", "status_book": false}}, {"model": "booklib.bookobj", "pk": "7c545e55-f87e-4a22-9783-546702b99dd9", "fields": {"book": 4, "registr_date": "2025-09-02", "price": "200.00", "price_per_day": "2.02", "coefficient": "1.0", "space": "полка б", "status_book": true}}, {"model": "booklib.bookobj", "pk": "89fecf94-adcd-4393-b8bc-05f98489d969", "fields": {"book": 4, "registr_date": "2025-09-02", "price": "200.00", "price_per_day": "2.02", "coefficient": "1.0", "space": "полка б", "status_book": false}}, {"model": "booklib.bookobj", "pk": "980bc0db-0568-4a39-9430-7c4d920f0c19", "fields": {"book": 2, "registr_date": "2025-09-02", "price": "123.00", "price_per_day": "1.00", "coefficient": "1.0", "space": "", "status_book": false}}, {"model": "booklib.bookobj", "pk": "a7a27bea-9162-4c13-94d1-49528d7b12fe", "fields": {"book": 4, "registr_date": "2025-09-02", "price": "200.00", "price_per_day": "2.02", "coefficient": "1.0", "space": "полка б", "status_book": false}}, {"model": "booklib.bookobj", "pk": "abec50a9-6d80-4a28-9f36-3fec263e37ec", "fields": {"book": 2, "registr_date": "2025-09-02", "price": "123.00", "price_per_day": "1.00", "coefficient": "1.0", "space": "", "status_book": false}}, {"model": "booklib.bookobj", "pk": "c4a28d4d-c53f-43f8-9d39-c9c88c907504", "fields": {"book": 4, "registr_date": "2025-09-02", "price": "200.00", "price_per_day": "2.02", "coefficient": "1.0", "space": "полка б", "status_book": false}}, {"model": "booklib.bookobj", "pk": "e1fd46ec-d7dc-483a-a483-c12d53412a9c", "fields": {"book": 4, "registr_date": "2025-09-02", "price": "200.00", "price_per_day": "2.02", "coefficient": "1.0", "space": "полка б", "status_book": false}}, {"model": "booklib.bookobj", "pk": "f99f0789-aa48-400c-b2c8-a1dd81bd47cb", "fields": {"book": 4, "registr_date": "2025-09-02", "price": "200.00", "price_per_day": "2.02", "coefficient": "1.0", "space": "полка б", "status_book": true}}, {"model": "booklib.genre", "pk": 1, "fields": {"name_genre": "фантастика"}}, {"model": "booklib.genre", "pk": 2, "fields": {"name_genre": "детектив"}}, {"model": "booklib.genre", "pk": 3, "fields": {"name_genre": "роман"}}, {"model": "booklib.genre", "pk": 4, "fields": {"name_genre": "фэнтези"}}, {"model": "booklib.genre", "pk": 5, "fields": {"name_genre": "драма"}}, {"model": "booklib.genre", "pk": 6, "fields": {"name_genre": "поэзия"}}, {"model": "booklib.author", "pk": 1, "fields": {"name": "третий", "photo_author": "", "books": []}}, {"model": "booklib.author", "pk": 2, "fields": {"name": "", "photo_author": "", "books": [3, 4, 2]}}, {"model": "booklib.author", "pk": 3, "fields": {"name": "четвертый", "photo_author": "", "books": [2]}}, {"model": "booklib.author", "pk": 4, "fields": {"name": "первый", "photo_author": "", "books": [3]}}, {"model": "booklib.author", "pk": 5, "fields": {"name": "второй_а", "photo_author": "", "books": [4]}}, {"model": "booklib.author", "pk": 6, "fields": {"name": "второй_б", "photo_author": "", "books": [4]}}, {"model": "booklib.fotoregistr", "pk": 2, "fields": {"books": 2, "photo_book": "photo_book/volshebnic_fvAI4cM.png"}}, {"model": "booklib.fotoregistr", "pk": 3, "fields": {"books": 3, "photo_book": "photo_book/volshebnic_cRTWVOc.png"}}, {"model": "booklib.fotoregistr", "pk": 4, "fields": {"books": 4, "photo_book": "photo_book/volshebnic_84npIrh.png"}}, {"model": "booklib.person", "pk": 1, "fields": {"last_name": "Иванов", "first_name": "Иван", "surname": "Иванович", "passport": "1й2ц3у", "date_of_birth": "2001-01-01", "address": "г. Минск", "mail": "qwe1@mail.ru", "agreement": true, "status_person": false, "debt": "0.00", "quantity_books": 3}}, {"model": "booklib.person", "pk": 2, "fields": {"last_name": "Петров", "first_name": "Петр", "surname": "Петрович", "passport": "1й2ц3у4к", "date_of_birth": "2002-02-02", "address": "г. Минск", "mail": "qwe2@mail.ru", "agreement": true, "status_person": false, "debt": "0.00", "quantity_books": 0}}, {"model": "booklib.person", "pk": 3, "fields": {"last_name": "Федоров", "first_name": "Федор", "surname": "Федорович", "passport": "2ц3у4к", "date_of_birth": "2003-03-03", "address": "г. Минск", "mail": "qwe3@mail.ru", "agreement": true, "status_person": false, "debt": "0.00", "quantity_books": 0}}, {"model": "booklib.person", "pk": 4, "fields": {"last_name": "Богданов", "first_name": "Богдан", "surname": "Богданович", "passport": "3у4к5е", "date_of_birth": "2004-04-04", "address": "г. Минск", "mail": "qwe4@mail.ru", "agreement": true, "status_person": false, "debt": "0.00", "quantity_books": 2}}, {"model": "booklib.person", "pk": 5, "fields": {"last_name": "Иванов", "first_name": "Петр", "surname": "Федорович", "passport": "4r5t6y", "date_of_birth": "2005-05-05", "address": "г. Минск", "mail": "qwe5@mail.ru", "agreement": true, "status_person": false, "debt": "0.00", "quantity_books": 0}}, {"model": "booklib.order", "pk": 1, "fields": {"person": 4, "distrib_date": "2025-09-02", "pre_return_date": "2025-10-02", "pre_cost": "69.60", "quantity_books": 2, "debt_order": null, "status_order": true, "penalty": null, "book_obj": ["1accfdfa-53f3-42e7-acb1-7bc08a8b499f", "f99f0789-aa48-400c-b2c8-a1dd81bd47cb"]}}, {"model": "booklib.order", "pk": 2, "fields": {"person": 1, "distrib_date": "2025-09-02", "pre_return_date": "2025-10-02", "pre_cost": "89.64", "quantity_books": 3, "debt_order": null, "status_order": true, "penalty": null, "book_obj": ["3de06e7e-2762-46d9-8bab-4596618108ca", "71e63078-20ba-4f64-bbb0-1230f43fe3e6", "7c545e55-f87e-4a22-9783-546702b99dd9"]}}, {"model": "booklib.returnb", "pk": 1, "fields": {"order": 1, "return_date": "2025-09-02", "return_cost": null, "status_returnb": false}}, {"model": "booklib.returnb", "pk": 2, "fields": {"order": 2, "return_date": "2025-09-02", "return_cost": null, "status_returnb": false}}]