[{"model": "auth.permission", "pk": 1, "fields": {"name": "Can add log entry", "content_type": 1, "codename": "add_logentry"}}, {"model": "auth.permission", "pk": 2, "fields": {"name": "Can change log entry", "content_type": 1, "codename": "change_logentry"}}, {"model": "auth.permission", "pk": 3, "fields": {"name": "Can delete log entry", "content_type": 1, "codename": "delete_logentry"}}, {"model": "auth.permission", "pk": 4, "fields": {"name": "Can view log entry", "content_type": 1, "codename": "view_logentry"}}, {"model": "auth.permission", "pk": 5, "fields": {"name": "Can add permission", "content_type": 2, "codename": "add_permission"}}, {"model": "auth.permission", "pk": 6, "fields": {"name": "Can change permission", "content_type": 2, "codename": "change_permission"}}, {"model": "auth.permission", "pk": 7, "fields": {"name": "Can delete permission", "content_type": 2, "codename": "delete_permission"}}, {"model": "auth.permission", "pk": 8, "fields": {"name": "Can view permission", "content_type": 2, "codename": "view_permission"}}, {"model": "auth.permission", "pk": 9, "fields": {"name": "Can add group", "content_type": 3, "codename": "add_group"}}, {"model": "auth.permission", "pk": 10, "fields": {"name": "Can change group", "content_type": 3, "codename": "change_group"}}, {"model": "auth.permission", "pk": 11, "fields": {"name": "Can delete group", "content_type": 3, "codename": "delete_group"}}, {"model": "auth.permission", "pk": 12, "fields": {"name": "Can view group", "content_type": 3, "codename": "view_group"}}, {"model": "auth.permission", "pk": 13, "fields": {"name": "Can add user", "content_type": 4, "codename": "add_user"}}, {"model": "auth.permission", "pk": 14, "fields": {"name": "Can change user", "content_type": 4, "codename": "change_user"}}, {"model": "auth.permission", "pk": 15, "fields": {"name": "Can delete user", "content_type": 4, "codename": "delete_user"}}, {"model": "auth.permission", "pk": 16, "fields": {"name": "Can view user", "content_type": 4, "codename": "view_user"}}, {"model": "auth.permission", "pk": 17, "fields": {"name": "Can add content type", "content_type": 5, "codename": "add_contenttype"}}, {"model": "auth.permission", "pk": 18, "fields": {"name": "Can change content type", "content_type": 5, "codename": "change_contenttype"}}, {"model": "auth.permission", "pk": 19, "fields": {"name": "Can delete content type", "content_type": 5, "codename": "delete_contenttype"}}, {"model": "auth.permission", "pk": 20, "fields": {"name": "Can view content type", "content_type": 5, "codename": "view_contenttype"}}, {"model": "auth.permission", "pk": 21, "fields": {"name": "Can add session", "content_type": 6, "codename": "add_session"}}, {"model": "auth.permission", "pk": 22, "fields": {"name": "Can change session", "content_type": 6, "codename": "change_session"}}, {"model": "auth.permission", "pk": 23, "fields": {"name": "Can delete session", "content_type": 6, "codename": "delete_session"}}, {"model": "auth.permission", "pk": 24, "fields": {"name": "Can view session", "content_type": 6, "codename": "view_session"}}, {"model": "auth.permission", "pk": 25, "fields": {"name": "Can add Книга", "content_type": 7, "codename": "add_book"}}, {"model": "auth.permission", "pk": 26, "fields": {"name": "Can change Книга", "content_type": 7, "codename": "change_book"}}, {"model": "auth.permission", "pk": 27, "fields": {"name": "Can delete Книга", "content_type": 7, "codename": "delete_book"}}, {"model": "auth.permission", "pk": 28, "fields": {"name": "Can view Книга", "content_type": 7, "codename": "view_book"}}, {"model": "auth.permission", "pk": 29, "fields": {"name": "Can add Экземпляр книги", "content_type": 8, "codename": "add_bookobj"}}, {"model": "auth.permission", "pk": 30, "fields": {"name": "Can change Экземпляр книги", "content_type": 8, "codename": "change_bookobj"}}, {"model": "auth.permission", "pk": 31, "fields": {"name": "Can delete Экземпляр книги", "content_type": 8, "codename": "delete_bookobj"}}, {"model": "auth.permission", "pk": 32, "fields": {"name": "Can view Экземпляр книги", "content_type": 8, "codename": "view_bookobj"}}, {"model": "auth.permission", "pk": 33, "fields": {"name": "Can add Жанр книги", "content_type": 9, "codename": "add_genre"}}, {"model": "auth.permission", "pk": 34, "fields": {"name": "Can change Жанр книги", "content_type": 9, "codename": "change_genre"}}, {"model": "auth.permission", "pk": 35, "fields": {"name": "Can delete Жанр книги", "content_type": 9, "codename": "delete_genre"}}, {"model": "auth.permission", "pk": 36, "fields": {"name": "Can view Жанр книги", "content_type": 9, "codename": "view_genre"}}, {"model": "auth.permission", "pk": 37, "fields": {"name": "Can add Ордер", "content_type": 10, "codename": "add_order"}}, {"model": "auth.permission", "pk": 38, "fields": {"name": "Can change Ордер", "content_type": 10, "codename": "change_order"}}, {"model": "auth.permission", "pk": 39, "fields": {"name": "Can delete Ордер", "content_type": 10, "codename": "delete_order"}}, {"model": "auth.permission", "pk": 40, "fields": {"name": "Can view Ордер", "content_type": 10, "codename": "view_order"}}, {"model": "auth.permission", "pk": 41, "fields": {"name": "Can add Читатель", "content_type": 11, "codename": "add_person"}}, {"model": "auth.permission", "pk": 42, "fields": {"name": "Can change Читатель", "content_type": 11, "codename": "change_person"}}, {"model": "auth.permission", "pk": 43, "fields": {"name": "Can delete Читатель", "content_type": 11, "codename": "delete_person"}}, {"model": "auth.permission", "pk": 44, "fields": {"name": "Can view Читатель", "content_type": 11, "codename": "view_person"}}, {"model": "auth.permission", "pk": 45, "fields": {"name": "Can add Возврат", "content_type": 12, "codename": "add_returnb"}}, {"model": "auth.permission", "pk": 46, "fields": {"name": "Can change Возврат", "content_type": 12, "codename": "change_returnb"}}, {"model": "auth.permission", "pk": 47, "fields": {"name": "Can delete Возврат", "content_type": 12, "codename": "delete_returnb"}}, {"model": "auth.permission", "pk": 48, "fields": {"name": "Can view Возврат", "content_type": 12, "codename": "view_returnb"}}, {"model": "auth.permission", "pk": 49, "fields": {"name": "Can add Текущее состояние книги", "content_type": 13, "codename": "add_fotostatus"}}, {"model": "auth.permission", "pk": 50, "fields": {"name": "Can change Текущее состояние книги", "content_type": 13, "codename": "change_fotostatus"}}, {"model": "auth.permission", "pk": 51, "fields": {"name": "Can delete Текущее состояние книги", "content_type": 13, "codename": "delete_fotostatus"}}, {"model": "auth.permission", "pk": 52, "fields": {"name": "Can view Текущее состояние книги", "content_type": 13, "codename": "view_fotostatus"}}, {"model": "auth.permission", "pk": 53, "fields": {"name": "Can add Фотография обложки книги", "content_type": 14, "codename": "add_fotoregistr"}}, {"model": "auth.permission", "pk": 54, "fields": {"name": "Can change Фотография обложки книги", "content_type": 14, "codename": "change_fotoregistr"}}, {"model": "auth.permission", "pk": 55, "fields": {"name": "Can delete Фотография обложки книги", "content_type": 14, "codename": "delete_fotoregistr"}}, {"model": "auth.permission", "pk": 56, "fields": {"name": "Can view Фотография обложки книги", "content_type": 14, "codename": "view_fotoregistr"}}, {"model": "auth.permission", "pk": 57, "fields": {"name": "Can add Автор книги", "content_type": 15, "codename": "add_author"}}, {"model": "auth.permission", "pk": 58, "fields": {"name": "Can change Автор книги", "content_type": 15, "codename": "change_author"}}, {"model": "auth.permission", "pk": 59, "fields": {"name": "Can delete Автор книги", "content_type": 15, "codename": "delete_author"}}, {"model": "auth.permission", "pk": 60, "fields": {"name": "Can view Автор книги", "content_type": 15, "codename": "view_author"}}, {"model": "auth.permission", "pk": 61, "fields": {"name": "Can add Библиотекарь", "content_type": 16, "codename": "add_librarian"}}, {"model": "auth.permission", "pk": 62, "fields": {"name": "Can change Библиотекарь", "content_type": 16, "codename": "change_librarian"}}, {"model": "auth.permission", "pk": 63, "fields": {"name": "Can delete Библиотекарь", "content_type": 16, "codename": "delete_librarian"}}, {"model": "auth.permission", "pk": 64, "fields": {"name": "Can view Библиотекарь", "content_type": 16, "codename": "view_librarian"}}, {"model": "contenttypes.contenttype", "pk": 1, "fields": {"app_label": "admin", "model": "logentry"}}, {"model": "contenttypes.contenttype", "pk": 2, "fields": {"app_label": "auth", "model": "permission"}}, {"model": "contenttypes.contenttype", "pk": 3, "fields": {"app_label": "auth", "model": "group"}}, {"model": "contenttypes.contenttype", "pk": 4, "fields": {"app_label": "auth", "model": "user"}}, {"model": "contenttypes.contenttype", "pk": 5, "fields": {"app_label": "contenttypes", "model": "contenttype"}}, {"model": "contenttypes.contenttype", "pk": 6, "fields": {"app_label": "sessions", "model": "session"}}, {"model": "contenttypes.contenttype", "pk": 7, "fields": {"app_label": "booklib", "model": "book"}}, {"model": "contenttypes.contenttype", "pk": 8, "fields": {"app_label": "booklib", "model": "bookobj"}}, {"model": "contenttypes.contenttype", "pk": 9, "fields": {"app_label": "booklib", "model": "genre"}}, {"model": "contenttypes.contenttype", "pk": 10, "fields": {"app_label": "booklib", "model": "order"}}, {"model": "contenttypes.contenttype", "pk": 11, "fields": {"app_label": "booklib", "model": "person"}}, {"model": "contenttypes.contenttype", "pk": 12, "fields": {"app_label": "booklib", "model": "returnb"}}, {"model": "contenttypes.contenttype", "pk": 13, "fields": {"app_label": "booklib", "model": "fotostatus"}}, {"model": "contenttypes.contenttype", "pk": 14, "fields": {"app_label": "booklib", "model": "fotoregistr"}}, {"model": "contenttypes.contenttype", "pk": 15, "fields": {"app_label": "booklib", "model": "author"}}, {"model": "contenttypes.contenttype", "pk": 16, "fields": {"app_label": "booklib", "model": "librarian"}}, {"model": "sessions.session", "pk": "9id1b7ya6xiwzp4phry5a7mqgh4d5xeo", "fields": {"session_data": "eyJsaWJyYXJpYW5faWQiOjF9:1uxghJ:mL_LRO8Rj58QO1PzTxGrSM8XKGhoKjBRlYaPUSFMz4E", "expire_date": "2025-09-28T06:58:53.353Z"}}, {"model": "sessions.session", "pk": "l0xvfrelf2kksenx7cjmni4qrimnl1wf", "fields": {"session_data": "eyJsaWJyYXJpYW5faWQiOjEsIm9yZGVySUQiOjJ9:1uxUQL:eJ9HebWVjnh4UZPBCJxfg7hCpkAMSLv4--XtrKYOWHs", "expire_date": "2025-09-27T17:52:33.736Z"}}, {"model": "sessions.session", "pk": "n0oj4xyetdosar2qik87azsjg0o1fsjj", "fields": {"session_data": "eyJsaWJyYXJpYW5faWQiOjJ9:1uy6iq:2m6Gr9TGZ5qW_7LUc-o3eMMaMfLwDQW8qEIU-V6oJ8k", "expire_date": "2025-09-29T10:46:12.335Z"}}, {"model": "sessions.session", "pk": "qh93h9wyi7tbve9qhqelvt0oqdmcrqk4", "fields": {"session_data": "eyJsaWJyYXJpYW5faWQiOjF9:1uxuKh:f2IGNZOltUkFD3OwCFinM9C4BgL_16CJu7jMVgsWO8Y", "expire_date": "2025-09-28T21:32:27.073Z"}}, {"model": "sessions.session", "pk": "sjw97j9r82ggt1463wievy2i2waj9lxh", "fields": {"session_data": "eyJsaWJyYXJpYW5faWQiOjEsIm9yZGVySUQiOjE0fQ:1uy7o8:SioLPATP71lwTnZo-NUbhqxJdjOUPF9Baub2Q2-OZe4", "expire_date": "2025-09-29T11:55:44.758Z"}}, {"model": "sessions.session", "pk": "uvprdq7lhcnw0cj50ndu0a833ohj86dq", "fields": {"session_data": "eyJsaWJyYXJpYW5faWQiOjF9:1uxvb0:525RgJiEv-gLg8jJ3X6BSTjPxWZCr0B5XpKXn3h2WwA", "expire_date": "2025-09-28T22:53:22.687Z"}}, {"model": "booklib.book", "pk": 1, "fields": {"title_rus": "Волшебник Изумрудного города", "title_orig": "", "year": 1939, "quantity_pages": 124, "rating": "5.0", "counter_rating": "1.0", "return_rating": null, "general_quantity": 5, "current_quantity": 3, "distrib_quantity": 2, "genres": [3]}}, {"model": "booklib.book", "pk": 2, "fields": {"title_rus": "Приключения Чиполлино", "title_orig": "", "year": 2025, "quantity_pages": 110, "rating": "5.0", "counter_rating": "2.0", "return_rating": null, "general_quantity": 5, "current_quantity": 3, "distrib_quantity": 2, "genres": [3]}}, {"model": "booklib.book", "pk": 3, "fields": {"title_rus": "Мертвый души", "title_orig": "", "year": 2020, "quantity_pages": 352, "rating": "0.0", "counter_rating": "0.0", "return_rating": null, "general_quantity": 2, "current_quantity": 1, "distrib_quantity": 1, "genres": [4, 6]}}, {"model": "booklib.book", "pk": 4, "fields": {"title_rus": "Отверженные", "title_orig": "", "year": 2011, "quantity_pages": 1651, "rating": "0.0", "counter_rating": "0.0", "return_rating": null, "general_quantity": 10, "current_quantity": 10, "distrib_quantity": 0, "genres": [6]}}, {"model": "booklib.book", "pk": 5, "fields": {"title_rus": "Преступление и наказание", "title_orig": "", "year": 2008, "quantity_pages": 598, "rating": "0.0", "counter_rating": "0.0", "return_rating": null, "general_quantity": 20, "current_quantity": 20, "distrib_quantity": 0, "genres": [6]}}, {"model": "booklib.book", "pk": 6, "fields": {"title_rus": "Граф Монте-Кристо", "title_orig": "", "year": 2009, "quantity_pages": 1326, "rating": "0.0", "counter_rating": "0.0", "return_rating": null, "general_quantity": 20, "current_quantity": 20, "distrib_quantity": 0, "genres": [4]}}, {"model": "booklib.book", "pk": 7, "fields": {"title_rus": "48 законов власти", "title_orig": "", "year": 2014, "quantity_pages": 726, "rating": "0.0", "counter_rating": "0.0", "return_rating": null, "general_quantity": 10, "current_quantity": 10, "distrib_quantity": 0, "genres": [10]}}, {"model": "booklib.book", "pk": 8, "fields": {"title_rus": "Тонкое искусство пофигизма. Парадоксальный способ жить счастливо", "title_orig": "", "year": 2017, "quantity_pages": 158, "rating": "0.0", "counter_rating": "0.0", "return_rating": null, "general_quantity": 5, "current_quantity": 5, "distrib_quantity": 0, "genres": [10]}}, {"model": "booklib.book", "pk": 9, "fields": {"title_rus": "Ониксовый шторм", "title_orig": "", "year": 2024, "quantity_pages": 701, "rating": "0.0", "counter_rating": "0.0", "return_rating": null, "general_quantity": 10, "current_quantity": 10, "distrib_quantity": 0, "genres": [11]}}, {"model": "booklib.book", "pk": 10, "fields": {"title_rus": "Анна Каренина", "title_orig": "", "year": 2008, "quantity_pages": 1001, "rating": "0.0", "counter_rating": "0.0", "return_rating": null, "general_quantity": 20, "current_quantity": 20, "distrib_quantity": 0, "genres": [4]}}, {"model": "booklib.book", "pk": 11, "fields": {"title_rus": "Sapiens. Краткая история человечества", "title_orig": "", "year": 2016, "quantity_pages": 476, "rating": "0.0", "counter_rating": "0.0", "return_rating": null, "general_quantity": 7, "current_quantity": 7, "distrib_quantity": 0, "genres": [10]}}, {"model": "booklib.book", "pk": 12, "fields": {"title_rus": "Книга дверей", "title_orig": "", "year": 2025, "quantity_pages": 326, "rating": "0.0", "counter_rating": "0.0", "return_rating": null, "general_quantity": 3, "current_quantity": 2, "distrib_quantity": 1, "genres": [1, 11]}}, {"model": "booklib.book", "pk": 13, "fields": {"title_rus": "Портрет Дориана Грея", "title_orig": "", "year": 2007, "quantity_pages": 234, "rating": "0.0", "counter_rating": "0.0", "return_rating": null, "general_quantity": 20, "current_quantity": 20, "distrib_quantity": 0, "genres": [4, 6]}}, {"model": "booklib.book", "pk": 14, "fields": {"title_rus": "Братья Карамазовы", "title_orig": "", "year": 2007, "quantity_pages": 1008, "rating": "0.0", "counter_rating": "0.0", "return_rating": null, "general_quantity": 11, "current_quantity": 11, "distrib_quantity": 0, "genres": [4, 6]}}, {"model": "booklib.book", "pk": 15, "fields": {"title_rus": "Правда о деле Гарри Квеберта", "title_orig": "", "year": 2014, "quantity_pages": 537, "rating": "0.0", "counter_rating": "0.0", "return_rating": null, "general_quantity": 15, "current_quantity": 15, "distrib_quantity": 0, "genres": [12, 13]}}, {"model": "booklib.book", "pk": 16, "fields": {"title_rus": "Скотный Двор", "title_orig": "", "year": 2015, "quantity_pages": 82, "rating": "0.0", "counter_rating": "0.0", "return_rating": null, "general_quantity": 9, "current_quantity": 9, "distrib_quantity": 0, "genres": [4]}}, {"model": "booklib.book", "pk": 17, "fields": {"title_rus": "Жизнь взаймы", "title_orig": "", "year": 2008, "quantity_pages": 207, "rating": "0.0", "counter_rating": "0.0", "return_rating": null, "general_quantity": 18, "current_quantity": 18, "distrib_quantity": 0, "genres": [6]}}, {"model": "booklib.book", "pk": 18, "fields": {"title_rus": "Тысяча сияющих солнц", "title_orig": "", "year": 2016, "quantity_pages": 266, "rating": "0.0", "counter_rating": "0.0", "return_rating": null, "general_quantity": 10, "current_quantity": 10, "distrib_quantity": 0, "genres": [4, 6]}}, {"model": "booklib.book", "pk": 19, "fields": {"title_rus": "Зов кукушки", "title_orig": "", "year": 2014, "quantity_pages": 439, "rating": "0.0", "counter_rating": "0.0", "return_rating": null, "general_quantity": 17, "current_quantity": 17, "distrib_quantity": 0, "genres": [2]}}, {"model": "booklib.book", "pk": 20, "fields": {"title_rus": "Доктор Живаго", "title_orig": "", "year": 2012, "quantity_pages": 575, "rating": "0.0", "counter_rating": "0.0", "return_rating": null, "general_quantity": 7, "current_quantity": 7, "distrib_quantity": 0, "genres": [4]}}, {"model": "booklib.book", "pk": 21, "fields": {"title_rus": "Ведьмак", "title_orig": "", "year": 2014, "quantity_pages": 2485, "rating": "0.0", "counter_rating": "0.0", "return_rating": null, "general_quantity": 20, "current_quantity": 20, "distrib_quantity": 0, "genres": [11]}}, {"model": "booklib.book", "pk": 22, "fields": {"title_rus": "Грозовой перевал", "title_orig": "", "year": 2012, "quantity_pages": 360, "rating": "0.0", "counter_rating": "0.0", "return_rating": null, "general_quantity": 10, "current_quantity": 10, "distrib_quantity": 0, "genres": [4, 6]}}, {"model": "booklib.book", "pk": 23, "fields": {"title_rus": "Герой нашего времени", "title_orig": "", "year": 2005, "quantity_pages": 146, "rating": "0.0", "counter_rating": "0.0", "return_rating": null, "general_quantity": 10, "current_quantity": 10, "distrib_quantity": 0, "genres": [4]}}, {"model": "booklib.book", "pk": 24, "fields": {"title_rus": "Чужак", "title_orig": "", "year": 2015, "quantity_pages": 625, "rating": "0.0", "counter_rating": "0.0", "return_rating": null, "general_quantity": 2, "current_quantity": 2, "distrib_quantity": 0, "genres": [2, 11]}}, {"model": "booklib.book", "pk": 25, "fields": {"title_rus": "Собачье сердце", "title_orig": "", "year": 2011, "quantity_pages": 93, "rating": "0.0", "counter_rating": "0.0", "return_rating": null, "general_quantity": 10, "current_quantity": 10, "distrib_quantity": 0, "genres": [1, 4]}}, {"model": "booklib.book", "pk": 26, "fields": {"title_rus": "Шоколад", "title_orig": "", "year": 2007, "quantity_pages": 265, "rating": "0.0", "counter_rating": "0.0", "return_rating": null, "general_quantity": 12, "current_quantity": 12, "distrib_quantity": 0, "genres": [4, 6]}}, {"model": "booklib.book", "pk": 27, "fields": {"title_rus": "Девушка с татуировкой дракона", "title_orig": "", "year": 2015, "quantity_pages": 572, "rating": "0.0", "counter_rating": "0.0", "return_rating": null, "general_quantity": 20, "current_quantity": 20, "distrib_quantity": 0, "genres": [2, 13]}}, {"model": "booklib.book", "pk": 28, "fields": {"title_rus": "На Западном фронте без перемен", "title_orig": "", "year": 2018, "quantity_pages": 171, "rating": "0.0", "counter_rating": "0.0", "return_rating": null, "general_quantity": 20, "current_quantity": 20, "distrib_quantity": 0, "genres": [4, 6]}}, {"model": "booklib.book", "pk": 29, "fields": {"title_rus": "Задача трех тел", "title_orig": "", "year": 2017, "quantity_pages": 378, "rating": "0.0", "counter_rating": "0.0", "return_rating": null, "general_quantity": 11, "current_quantity": 11, "distrib_quantity": 0, "genres": [1]}}, {"model": "booklib.book", "pk": 30, "fields": {"title_rus": "Внутри убийцы", "title_orig": "", "year": 2020, "quantity_pages": 298, "rating": "0.0", "counter_rating": "0.0", "return_rating": null, "general_quantity": 12, "current_quantity": 12, "distrib_quantity": 0, "genres": [2, 13]}}, {"model": "booklib.book", "pk": 31, "fields": {"title_rus": "Шелкопряд", "title_orig": "", "year": 2021, "quantity_pages": 479, "rating": "0.0", "counter_rating": "0.0", "return_rating": null, "general_quantity": 20, "current_quantity": 20, "distrib_quantity": 0, "genres": [2]}}, {"model": "booklib.bookobj", "pk": "016c3a4e-906d-4a26-8afc-2062b2f981a9", "fields": {"book": 19, "registr_date": "2025-09-15", "price": "31.00", "price_per_day": "6.00", "current_day_price": "6.00", "coefficient": "1.0", "space": "склад", "status_book": false, "mark": false, "return_order": []}}, {"model": "booklib.bookobj", "pk": "01ed7c34-b5d7-4a7a-b575-736489347dc7", "fields": {"book": 17, "registr_date": "2025-09-15", "price": "25.00", "price_per_day": "7.00", "current_day_price": "7.00", "coefficient": "1.0", "space": "склад", "status_book": false, "mark": false, "return_order": []}}, {"model": "booklib.bookobj", "pk": "035e4ef2-2a0d-4141-b3bb-993ca25b4085", "fields": {"book": 1, "registr_date": "2025-09-13", "price": "800.00", "price_per_day": "10.00", "current_day_price": "10.00", "coefficient": "1.0", "space": "полка а", "status_book": false, "mark": false, "return_order": []}}, {"model": "booklib.bookobj", "pk": "038d0de9-f63b-4c2c-97b1-1edc0c858219", "fields": {"book": 22, "registr_date": "2025-09-15", "price": "25.00", "price_per_day": "6.00", "current_day_price": "6.00", "coefficient": "1.0", "space": "склад", "status_book": false, "mark": false, "return_order": []}}, {"model": "booklib.bookobj", "pk": "05ab2403-c241-45bf-ad26-19594c6764b4", "fields": {"book": 26, "registr_date": "2025-09-15", "price": "20.00", "price_per_day": "3.00", "current_day_price": "3.00", "coefficient": "1.0", "space": "склад", "status_book": false, "mark": false, "return_order": []}}, {"model": "booklib.bookobj", "pk": "0670ff28-e798-468c-b44a-6e06c4762649", "fields": {"book": 17, "registr_date": "2025-09-15", "price": "25.00", "price_per_day": "7.00", "current_day_price": "7.00", "coefficient": "1.0", "space": "склад", "status_book": false, "mark": false, "return_order": []}}, {"model": "booklib.bookobj", "pk": "06938a3b-7890-46fa-86be-739307fa30ce", "fields": {"book": 28, "registr_date": "2025-09-15", "price": "29.00", "price_per_day": "7.00", "current_day_price": "7.00", "coefficient": "1.0", "space": "склад", "status_book": false, "mark": false, "return_order": []}}, {"model": "booklib.bookobj", "pk": "07af636e-4cef-45e4-a876-fe31f138dc0d", "fields": {"book": 10, "registr_date": "2025-09-15", "price": "57.00", "price_per_day": "12.00", "current_day_price": "12.00", "coefficient": "1.0", "space": "склад", "status_book": false, "mark": false, "return_order": []}}, {"model": "booklib.bookobj", "pk": "08349a4e-f51f-48c1-8e72-a73e91fb7c2b", "fields": {"book": 13, "registr_date": "2025-09-15", "price": "24.00", "price_per_day": "4.00", "current_day_price": "4.00", "coefficient": "1.0", "space": "склад", "status_book": false, "mark": false, "return_order": []}}, {"model": "booklib.bookobj", "pk": "088d55d4-3db8-4628-965b-12016e4330c8", "fields": {"book": 14, "registr_date": "2025-09-15", "price": "38.00", "price_per_day": "7.00", "current_day_price": "7.00", "coefficient": "1.0", "space": "склад", "status_book": false, "mark": false, "return_order": []}}, {"model": "booklib.bookobj", "pk": "08b83031-7413-4002-ba06-167fef5dd39b", "fields": {"book": 5, "registr_date": "2025-09-15", "price": "35.00", "price_per_day": "7.00", "current_day_price": "7.00", "coefficient": "1.0", "space": "склад", "status_book": false, "mark": false, "return_order": []}}, {"model": "booklib.bookobj", "pk": "09829966-49fc-4aa9-ac14-df2ede37c3db", "fields": {"book": 29, "registr_date": "2025-09-15", "price": "34.00", "price_per_day": "8.00", "current_day_price": "8.00", "coefficient": "1.0", "space": "склад", "status_book": false, "mark": false, "return_order": []}}, {"model": "booklib.bookobj", "pk": "098d08bb-698d-4613-a6e6-1c53a3f6841d", "fields": {"book": 2, "registr_date": "2025-09-13", "price": "35.00", "price_per_day": "1.00", "current_day_price": "1.00", "coefficient": "1.0", "space": "полка а", "status_book": true, "mark": false, "return_order": [2, 6, 8]}}, {"model": "booklib.bookobj", "pk": "0aa38156-d965-4cda-a767-85f05b73a60a", "fields": {"book": 27, "registr_date": "2025-09-15", "price": "37.00", "price_per_day": "8.00", "current_day_price": "8.00", "coefficient": "1.0", "space": "склад", "status_book": false, "mark": false, "return_order": []}}, {"model": "booklib.bookobj", "pk": "0ad0defc-29da-4b07-b1b2-c5a9cc2664ae", "fields": {"book": 9, "registr_date": "2025-09-15", "price": "41.00", "price_per_day": "10.00", "current_day_price": "10.00", "coefficient": "1.0", "space": "склад", "status_book": false, "mark": false, "return_order": []}}, {"model": "booklib.bookobj", "pk": "0ad2821e-d937-4ee0-8ef8-e0af2c8e71c5", "fields": {"book": 6, "registr_date": "2025-09-15", "price": "44.00", "price_per_day": "9.00", "current_day_price": "9.00", "coefficient": "1.0", "space": "склад", "status_book": false, "mark": false, "return_order": []}}, {"model": "booklib.bookobj", "pk": "0cc785e4-192b-47d5-a426-7793bdc84dc1", "fields": {"book": 28, "registr_date": "2025-09-15", "price": "29.00", "price_per_day": "7.00", "current_day_price": "7.00", "coefficient": "1.0", "space": "склад", "status_book": false, "mark": false, "return_order": []}}, {"model": "booklib.bookobj", "pk": "0d5d3a53-614c-42f0-a327-69cb2ff6fdc9", "fields": {"book": 27, "registr_date": "2025-09-15", "price": "37.00", "price_per_day": "8.00", "current_day_price": "8.00", "coefficient": "1.0", "space": "склад", "status_book": false, "mark": false, "return_order": []}}, {"model": "booklib.bookobj", "pk": "0d94f108-5a88-444d-90ab-726484f9d538", "fields": {"book": 28, "registr_date": "2025-09-15", "price": "29.00", "price_per_day": "7.00", "current_day_price": "7.00", "coefficient": "1.0", "space": "склад", "status_book": false, "mark": false, "return_order": []}}, {"model": "booklib.bookobj", "pk": "0de6db92-f3a7-44a9-93d7-03f5b6d10afa", "fields": {"book": 10, "registr_date": "2025-09-15", "price": "57.00", "price_per_day": "12.00", "current_day_price": "12.00", "coefficient": "1.0", "space": "склад", "status_book": false, "mark": false, "return_order": []}}, {"model": "booklib.bookobj", "pk": "0efb102d-48ac-4cc0-99cd-dd10b3fd0ec0", "fields": {"book": 9, "registr_date": "2025-09-15", "price": "41.00", "price_per_day": "10.00", "current_day_price": "10.00", "coefficient": "1.0", "space": "склад", "status_book": false, "mark": false, "return_order": []}}, {"model": "booklib.bookobj", "pk": "0f0a5122-5c43-4d7e-af5e-dd14426c51b7", "fields": {"book": 7, "registr_date": "2025-09-15", "price": "37.00", "price_per_day": "7.00", "current_day_price": "7.00", "coefficient": "1.0", "space": "склад", "status_book": false, "mark": false, "return_order": []}}, {"model": "booklib.bookobj", "pk": "0fe25711-f97b-4601-bf65-b36cf2148da0", "fields": {"book": 27, "registr_date": "2025-09-15", "price": "37.00", "price_per_day": "8.00", "current_day_price": "8.00", "coefficient": "1.0", "space": "склад", "status_book": false, "mark": false, "return_order": []}}, {"model": "booklib.bookobj", "pk": "10f0b2c7-9cc9-4afc-990b-bc5fb35f85c5", "fields": {"book": 19, "registr_date": "2025-09-15", "price": "31.00", "price_per_day": "6.00", "current_day_price": "6.00", "coefficient": "1.0", "space": "склад", "status_book": false, "mark": false, "return_order": []}}, {"model": "booklib.bookobj", "pk": "10f7ae31-60fb-44d8-8e5d-df0e57013f5a", "fields": {"book": 13, "registr_date": "2025-09-15", "price": "24.00", "price_per_day": "4.00", "current_day_price": "4.00", "coefficient": "1.0", "space": "склад", "status_book": false, "mark": false, "return_order": []}}, {"model": "booklib.bookobj", "pk": "119ae4fd-6b8c-45b2-9f6c-322199e9ffaa", "fields": {"book": 27, "registr_date": "2025-09-15", "price": "37.00", "price_per_day": "8.00", "current_day_price": "8.00", "coefficient": "1.0", "space": "склад", "status_book": false, "mark": false, "return_order": []}}, {"model": "booklib.bookobj", "pk": "11f0ad62-83e9-4201-bb94-eccca54670dd", "fields": {"book": 17, "registr_date": "2025-09-15", "price": "25.00", "price_per_day": "7.00", "current_day_price": "7.00", "coefficient": "1.0", "space": "склад", "status_book": false, "mark": false, "return_order": []}}, {"model": "booklib.bookobj", "pk": "1290c70e-b65f-4448-b1b0-834f5e74cf47", "fields": {"book": 25, "registr_date": "2025-09-15", "price": "12.00", "price_per_day": "3.00", "current_day_price": "3.00", "coefficient": "1.0", "space": "склад", "status_book": false, "mark": false, "return_order": []}}, {"model": "booklib.bookobj", "pk": "12afe1d9-027f-4240-8bd8-f8e65ecd1d36", "fields": {"book": 31, "registr_date": "2025-09-15", "price": "39.00", "price_per_day": "10.00", "current_day_price": "10.00", "coefficient": "1.0", "space": "склад", "status_book": false, "mark": false, "return_order": []}}, {"model": "booklib.bookobj", "pk": "142af7d5-6db2-47bf-b08b-1d4b3a94e9e7", "fields": {"book": 19, "registr_date": "2025-09-15", "price": "31.00", "price_per_day": "6.00", "current_day_price": "6.00", "coefficient": "1.0", "space": "склад", "status_book": false, "mark": false, "return_order": []}}, {"model": "booklib.bookobj", "pk": "152dd1df-004d-459c-ba2d-1b87fa741d9d", "fields": {"book": 6, "registr_date": "2025-09-15", "price": "44.00", "price_per_day": "9.00", "current_day_price": "9.00", "coefficient": "1.0", "space": "склад", "status_book": false, "mark": false, "return_order": []}}, {"model": "booklib.bookobj", "pk": "158381b8-25a7-4e12-9f6f-2098a6930288", "fields": {"book": 5, "registr_date": "2025-09-15", "price": "35.00", "price_per_day": "7.00", "current_day_price": "7.00", "coefficient": "1.0", "space": "склад", "status_book": false, "mark": false, "return_order": []}}, {"model": "booklib.bookobj", "pk": "15aa8194-e322-4a2c-b654-ae25408f7519", "fields": {"book": 17, "registr_date": "2025-09-15", "price": "25.00", "price_per_day": "7.00", "current_day_price": "7.00", "coefficient": "1.0", "space": "склад", "status_book": false, "mark": false, "return_order": []}}, {"model": "booklib.bookobj", "pk": "15acc9cd-0656-4c75-9d62-9a37729846dc", "fields": {"book": 18, "registr_date": "2025-09-15", "price": "37.00", "price_per_day": "9.00", "current_day_price": "9.00", "coefficient": "1.0", "space": "склад", "status_book": false, "mark": false, "return_order": []}}, {"model": "booklib.bookobj", "pk": "17560a93-c2c9-4898-8c94-e691608cdf7b", "fields": {"book": 2, "registr_date": "2025-09-13", "price": "35.00", "price_per_day": "1.00", "current_day_price": "1.00", "coefficient": "1.0", "space": "полка а", "status_book": false, "mark": false, "return_order": []}}, {"model": "booklib.bookobj", "pk": "17e0a857-d735-4061-a7a8-0c816c99c703", "fields": {"book": 10, "registr_date": "2025-09-15", "price": "57.00", "price_per_day": "12.00", "current_day_price": "12.00", "coefficient": "1.0", "space": "склад", "status_book": false, "mark": false, "return_order": []}}, {"model": "booklib.bookobj", "pk": "19e8db63-1568-49a5-833e-a60e4f988991", "fields": {"book": 22, "registr_date": "2025-09-15", "price": "25.00", "price_per_day": "6.00", "current_day_price": "6.00", "coefficient": "1.0", "space": "склад", "status_book": false, "mark": false, "return_order": []}}, {"model": "booklib.bookobj", "pk": "1b035116-99d5-4b79-ba1c-90a76a075186", "fields": {"book": 30, "registr_date": "2025-09-15", "price": "31.00", "price_per_day": "9.00", "current_day_price": "9.00", "coefficient": "1.0", "space": "склад", "status_book": false, "mark": false, "return_order": []}}, {"model": "booklib.bookobj", "pk": "1d10e96c-b171-4518-baa4-2fdc908c0c40", "fields": {"book": 7, "registr_date": "2025-09-15", "price": "37.00", "price_per_day": "7.00", "current_day_price": "7.00", "coefficient": "1.0", "space": "склад", "status_book": false, "mark": false, "return_order": []}}, {"model": "booklib.bookobj", "pk": "1d890bef-e299-4112-b80c-607768f4e107", "fields": {"book": 21, "registr_date": "2025-09-15", "price": "56.00", "price_per_day": "12.00", "current_day_price": "12.00", "coefficient": "1.0", "space": "склад", "status_book": false, "mark": false, "return_order": []}}, {"model": "booklib.bookobj", "pk": "1de7f74e-eb07-4b52-a99c-a2a1d7a69f96", "fields": {"book": 1, "registr_date": "2025-09-13", "price": "800.00", "price_per_day": "10.00", "current_day_price": "10.00", "coefficient": "1.0", "space": "полка а", "status_book": false, "mark": false, "return_order": []}}, {"model": "booklib.bookobj", "pk": "1fbcbe87-4156-4e78-8395-33db58d65fac", "fields": {"book": 5, "registr_date": "2025-09-15", "price": "35.00", "price_per_day": "7.00", "current_day_price": "7.00", "coefficient": "1.0", "space": "склад", "status_book": false, "mark": false, "return_order": []}}, {"model": "booklib.bookobj", "pk": "205a73de-0b19-4227-8296-841bd6a24d35", "fields": {"book": 10, "registr_date": "2025-09-15", "price": "57.00", "price_per_day": "12.00", "current_day_price": "12.00", "coefficient": "1.0", "space": "склад", "status_book": false, "mark": false, "return_order": []}}, {"model": "booklib.bookobj", "pk": "20d0a470-1395-469d-9c55-62d2f0fa279c", "fields": {"book": 5, "registr_date": "2025-09-15", "price": "35.00", "price_per_day": "7.00", "current_day_price": "7.00", "coefficient": "1.0", "space": "склад", "status_book": false, "mark": false, "return_order": []}}, {"model": "booklib.bookobj", "pk": "211d0dca-eb06-439d-aa4b-5e717b475d35", "fields": {"book": 1, "registr_date": "2025-09-13", "price": "800.00", "price_per_day": "10.00", "current_day_price": "10.00", "coefficient": "1.0", "space": "полка а", "status_book": false, "mark": false, "return_order": []}}, {"model": "booklib.bookobj", "pk": "2160d7de-df71-484a-a34a-2cda16980083", "fields": {"book": 28, "registr_date": "2025-09-15", "price": "29.00", "price_per_day": "7.00", "current_day_price": "7.00", "coefficient": "1.0", "space": "склад", "status_book": false, "mark": false, "return_order": []}}, {"model": "booklib.bookobj", "pk": "2288ed91-0d8c-4cc0-83af-c886a130d112", "fields": {"book": 23, "registr_date": "2025-09-15", "price": "12.00", "price_per_day": "2.00", "current_day_price": "2.00", "coefficient": "1.0", "space": "склад", "status_book": false, "mark": false, "return_order": []}}, {"model": "booklib.bookobj", "pk": "2321845d-7368-4009-bd5e-e219a5b8a14f", "fields": {"book": 31, "registr_date": "2025-09-15", "price": "39.00", "price_per_day": "10.00", "current_day_price": "10.00", "coefficient": "1.0", "space": "склад", "status_book": false, "mark": false, "return_order": []}}, {"model": "booklib.bookobj", "pk": "242279b5-2854-4819-94fc-2f137286fc19", "fields": {"book": 21, "registr_date": "2025-09-15", "price": "56.00", "price_per_day": "12.00", "current_day_price": "12.00", "coefficient": "1.0", "space": "склад", "status_book": false, "mark": false, "return_order": []}}, {"model": "booklib.bookobj", "pk": "243cbf24-97c6-4fb5-bc3e-5ae53dfeb845", "fields": {"book": 6, "registr_date": "2025-09-15", "price": "44.00", "price_per_day": "9.00", "current_day_price": "9.00", "coefficient": "1.0", "space": "склад", "status_book": false, "mark": false, "return_order": []}}, {"model": "booklib.bookobj", "pk": "260c6fa5-527a-4e0e-9846-d7499db6fabd", "fields": {"book": 7, "registr_date": "2025-09-15", "price": "37.00", "price_per_day": "7.00", "current_day_price": "7.00", "coefficient": "1.0", "space": "склад", "status_book": false, "mark": false, "return_order": []}}, {"model": "booklib.bookobj", "pk": "264ec689-aca5-4465-a803-f1af6f7144dd", "fields": {"book": 13, "registr_date": "2025-09-15", "price": "24.00", "price_per_day": "4.00", "current_day_price": "4.00", "coefficient": "1.0", "space": "склад", "status_book": false, "mark": false, "return_order": []}}, {"model": "booklib.bookobj", "pk": "288003bd-d645-4361-ba4f-41e97a209c06", "fields": {"book": 10, "registr_date": "2025-09-15", "price": "57.00", "price_per_day": "12.00", "current_day_price": "12.00", "coefficient": "1.0", "space": "склад", "status_book": false, "mark": false, "return_order": []}}, {"model": "booklib.bookobj", "pk": "296bbfb4-9ff6-4e1c-8c02-bbb6592d105f", "fields": {"book": 4, "registr_date": "2025-09-15", "price": "56.00", "price_per_day": "11.00", "current_day_price": "11.00", "coefficient": "1.0", "space": "склад", "status_book": false, "mark": false, "return_order": []}}, {"model": "booklib.bookobj", "pk": "29df4bca-bafe-4e7f-8cf6-8f2dd423353c", "fields": {"book": 25, "registr_date": "2025-09-15", "price": "12.00", "price_per_day": "3.00", "current_day_price": "3.00", "coefficient": "1.0", "space": "склад", "status_book": false, "mark": false, "return_order": []}}, {"model": "booklib.bookobj", "pk": "2b1947a1-5f25-4141-86a9-357b41cf5bc4", "fields": {"book": 23, "registr_date": "2025-09-15", "price": "12.00", "price_per_day": "2.00", "current_day_price": "2.00", "coefficient": "1.0", "space": "склад", "status_book": false, "mark": false, "return_order": []}}, {"model": "booklib.bookobj", "pk": "2b684a36-b16b-4afc-a6f6-12b8b81e4356", "fields": {"book": 30, "registr_date": "2025-09-15", "price": "31.00", "price_per_day": "9.00", "current_day_price": "9.00", "coefficient": "1.0", "space": "склад", "status_book": false, "mark": false, "return_order": []}}, {"model": "booklib.bookobj", "pk": "2d979bf1-7e3c-4af1-8137-f2f2ef38cd78", "fields": {"book": 15, "registr_date": "2025-09-15", "price": "35.00", "price_per_day": "10.00", "current_day_price": "10.00", "coefficient": "1.0", "space": "склад", "status_book": false, "mark": false, "return_order": []}}, {"model": "booklib.bookobj", "pk": "2dbf620e-d3dc-4a3e-8275-80ef54598127", "fields": {"book": 27, "registr_date": "2025-09-15", "price": "37.00", "price_per_day": "8.00", "current_day_price": "8.00", "coefficient": "1.0", "space": "склад", "status_book": false, "mark": false, "return_order": []}}, {"model": "booklib.bookobj", "pk": "2dc217da-4844-49b4-8fd3-f9c8aa9a0ac7", "fields": {"book": 3, "registr_date": "2025-09-14", "price": "13.00", "price_per_day": "0.50", "current_day_price": "0.50", "coefficient": "1.0", "space": "полка б", "status_book": false, "mark": false, "return_order": [9]}}, {"model": "booklib.bookobj", "pk": "2dfbba40-4532-4621-abf0-c384fa48102c", "fields": {"book": 10, "registr_date": "2025-09-15", "price": "57.00", "price_per_day": "12.00", "current_day_price": "12.00", "coefficient": "1.0", "space": "склад", "status_book": false, "mark": false, "return_order": []}}, {"model": "booklib.bookobj", "pk": "2e0073be-6f21-45aa-a1f0-2b1e237366c7", "fields": {"book": 25, "registr_date": "2025-09-15", "price": "12.00", "price_per_day": "3.00", "current_day_price": "3.00", "coefficient": "1.0", "space": "склад", "status_book": false, "mark": false, "return_order": []}}, {"model": "booklib.bookobj", "pk": "2e2aeb85-09e4-4d7d-b14d-d0d740e86497", "fields": {"book": 3, "registr_date": "2025-09-14", "price": "13.00", "price_per_day": "0.50", "current_day_price": "0.50", "coefficient": "1.0", "space": "полка б", "status_book": true, "mark": false, "return_order": []}}, {"model": "booklib.bookobj", "pk": "2e4cf23c-cd9f-4145-a4c7-ce33901c7034", "fields": {"book": 22, "registr_date": "2025-09-15", "price": "25.00", "price_per_day": "6.00", "current_day_price": "6.00", "coefficient": "1.0", "space": "склад", "status_book": false, "mark": false, "return_order": []}}, {"model": "booklib.bookobj", "pk": "2eb76ffe-d3c1-42be-ab79-ebcd841462f5", "fields": {"book": 7, "registr_date": "2025-09-15", "price": "37.00", "price_per_day": "7.00", "current_day_price": "7.00", "coefficient": "1.0", "space": "склад", "status_book": false, "mark": false, "return_order": []}}, {"model": "booklib.bookobj", "pk": "2eb785ba-b1ba-4ac7-9def-8342aa6c0b88", "fields": {"book": 6, "registr_date": "2025-09-15", "price": "44.00", "price_per_day": "9.00", "current_day_price": "9.00", "coefficient": "1.0", "space": "склад", "status_book": false, "mark": false, "return_order": []}}, {"model": "booklib.bookobj", "pk": "2fa09b6a-f150-49bb-8809-8bb25bc9cf9b", "fields": {"book": 15, "registr_date": "2025-09-15", "price": "35.00", "price_per_day": "10.00", "current_day_price": "10.00", "coefficient": "1.0", "space": "склад", "status_book": false, "mark": false, "return_order": []}}, {"model": "booklib.bookobj", "pk": "2fcb464f-3394-4dcc-925e-1222a1f2ddc2", "fields": {"book": 29, "registr_date": "2025-09-15", "price": "34.00", "price_per_day": "8.00", "current_day_price": "8.00", "coefficient": "1.0", "space": "склад", "status_book": false, "mark": false, "return_order": []}}, {"model": "booklib.bookobj", "pk": "2feed9fa-37e0-461e-9b10-2d4e75c2a7fe", "fields": {"book": 2, "registr_date": "2025-09-13", "price": "35.00", "price_per_day": "1.00", "current_day_price": "1.00", "coefficient": "1.0", "space": "полка а", "status_book": false, "mark": false, "return_order": []}}, {"model": "booklib.bookobj", "pk": "3015c299-8294-4931-94c1-cac5b1164831", "fields": {"book": 15, "registr_date": "2025-09-15", "price": "35.00", "price_per_day": "10.00", "current_day_price": "10.00", "coefficient": "1.0", "space": "склад", "status_book": false, "mark": false, "return_order": []}}, {"model": "booklib.bookobj", "pk": "305123bd-cdf4-4acf-a2d2-1ba8afeaca2f", "fields": {"book": 15, "registr_date": "2025-09-15", "price": "35.00", "price_per_day": "10.00", "current_day_price": "10.00", "coefficient": "1.0", "space": "склад", "status_book": false, "mark": false, "return_order": []}}, {"model": "booklib.bookobj", "pk": "31577d11-0ae4-452b-8c47-69d5aa530dce", "fields": {"book": 21, "registr_date": "2025-09-15", "price": "56.00", "price_per_day": "12.00", "current_day_price": "12.00", "coefficient": "1.0", "space": "склад", "status_book": false, "mark": false, "return_order": []}}, {"model": "booklib.bookobj", "pk": "318c691e-3e30-4c53-aef7-bb7935b5c547", "fields": {"book": 9, "registr_date": "2025-09-15", "price": "41.00", "price_per_day": "10.00", "current_day_price": "10.00", "coefficient": "1.0", "space": "склад", "status_book": false, "mark": false, "return_order": []}}, {"model": "booklib.bookobj", "pk": "31c6022e-b5cf-4cf6-86f1-5cbef436639c", "fields": {"book": 20, "registr_date": "2025-09-15", "price": "31.00", "price_per_day": "7.00", "current_day_price": "7.00", "coefficient": "1.0", "space": "склад", "status_book": false, "mark": false, "return_order": []}}, {"model": "booklib.bookobj", "pk": "31d544cd-03ba-426d-8590-af35c38e6dfa", "fields": {"book": 20, "registr_date": "2025-09-15", "price": "31.00", "price_per_day": "7.00", "current_day_price": "7.00", "coefficient": "1.0", "space": "склад", "status_book": false, "mark": false, "return_order": []}}, {"model": "booklib.bookobj", "pk": "321a39ab-4ca9-45cc-a315-af93f0091089", "fields": {"book": 18, "registr_date": "2025-09-15", "price": "37.00", "price_per_day": "9.00", "current_day_price": "9.00", "coefficient": "1.0", "space": "склад", "status_book": false, "mark": false, "return_order": []}}, {"model": "booklib.bookobj", "pk": "32dad01f-b377-4e2e-a3fe-023c3cde8f3e", "fields": {"book": 27, "registr_date": "2025-09-15", "price": "37.00", "price_per_day": "8.00", "current_day_price": "8.00", "coefficient": "1.0", "space": "склад", "status_book": false, "mark": false, "return_order": []}}, {"model": "booklib.bookobj", "pk": "330ca62c-d0c5-4227-a032-07c6d6513a8a", "fields": {"book": 11, "registr_date": "2025-09-15", "price": "28.00", "price_per_day": "7.00", "current_day_price": "7.00", "coefficient": "1.0", "space": "склад", "status_book": false, "mark": false, "return_order": []}}, {"model": "booklib.bookobj", "pk": "340d9c43-c58e-4581-9f95-3e5571f2e270", "fields": {"book": 13, "registr_date": "2025-09-15", "price": "24.00", "price_per_day": "4.00", "current_day_price": "4.00", "coefficient": "1.0", "space": "склад", "status_book": false, "mark": false, "return_order": []}}, {"model": "booklib.bookobj", "pk": "350a0c6d-d293-45b8-bc8a-3fad25d0c67f", "fields": {"book": 16, "registr_date": "2025-09-15", "price": "13.00", "price_per_day": "2.00", "current_day_price": "2.00", "coefficient": "1.0", "space": "склад", "status_book": false, "mark": false, "return_order": []}}, {"model": "booklib.bookobj", "pk": "353321b2-3a47-4518-902b-3f373cdcf1ef", "fields": {"book": 6, "registr_date": "2025-09-15", "price": "44.00", "price_per_day": "9.00", "current_day_price": "9.00", "coefficient": "1.0", "space": "склад", "status_book": false, "mark": false, "return_order": []}}, {"model": "booklib.bookobj", "pk": "35bc977e-42c0-41f5-adad-4ef73781849f", "fields": {"book": 13, "registr_date": "2025-09-15", "price": "24.00", "price_per_day": "4.00", "current_day_price": "4.00", "coefficient": "1.0", "space": "склад", "status_book": false, "mark": false, "return_order": []}}, {"model": "booklib.bookobj", "pk": "35f0f282-3798-4f3b-a208-4bd09f1d4d2e", "fields": {"book": 13, "registr_date": "2025-09-15", "price": "24.00", "price_per_day": "4.00", "current_day_price": "4.00", "coefficient": "1.0", "space": "склад", "status_book": false, "mark": false, "return_order": []}}, {"model": "booklib.bookobj", "pk": "38e85d0a-b2f9-4b5f-89af-3e3a4023d37e", "fields": {"book": 22, "registr_date": "2025-09-15", "price": "25.00", "price_per_day": "6.00", "current_day_price": "6.00", "coefficient": "1.0", "space": "склад", "status_book": false, "mark": false, "return_order": []}}, {"model": "booklib.bookobj", "pk": "38f5fb7e-f3dd-4c5c-94e5-da6e43129b7b", "fields": {"book": 27, "registr_date": "2025-09-15", "price": "37.00", "price_per_day": "8.00", "current_day_price": "8.00", "coefficient": "1.0", "space": "склад", "status_book": false, "mark": false, "return_order": []}}, {"model": "booklib.bookobj", "pk": "3a120208-2a0a-4fb2-8502-b344862d147d", "fields": {"book": 4, "registr_date": "2025-09-15", "price": "56.00", "price_per_day": "11.00", "current_day_price": "11.00", "coefficient": "1.0", "space": "склад", "status_book": false, "mark": false, "return_order": []}}, {"model": "booklib.bookobj", "pk": "3a9b0bae-1282-4218-ad31-3ba491948370", "fields": {"book": 23, "registr_date": "2025-09-15", "price": "12.00", "price_per_day": "2.00", "current_day_price": "2.00", "coefficient": "1.0", "space": "склад", "status_book": false, "mark": false, "return_order": []}}, {"model": "booklib.bookobj", "pk": "3b7b0f5d-4764-4764-b085-3e3a854aebb8", "fields": {"book": 28, "registr_date": "2025-09-15", "price": "29.00", "price_per_day": "7.00", "current_day_price": "7.00", "coefficient": "1.0", "space": "склад", "status_book": false, "mark": false, "return_order": []}}, {"model": "booklib.bookobj", "pk": "3dc17fd0-46e3-42f8-bd8f-12a6a014447f", "fields": {"book": 26, "registr_date": "2025-09-15", "price": "20.00", "price_per_day": "3.00", "current_day_price": "3.00", "coefficient": "1.0", "space": "склад", "status_book": false, "mark": false, "return_order": []}}, {"model": "booklib.bookobj", "pk": "3f0e3c77-9791-4649-a8ff-d0a0b87e846f", "fields": {"book": 19, "registr_date": "2025-09-15", "price": "31.00", "price_per_day": "6.00", "current_day_price": "6.00", "coefficient": "1.0", "space": "склад", "status_book": false, "mark": false, "return_order": []}}, {"model": "booklib.bookobj", "pk": "3f79e9d9-2797-4f17-895d-9aa9f71a82b7", "fields": {"book": 28, "registr_date": "2025-09-15", "price": "29.00", "price_per_day": "7.00", "current_day_price": "7.00", "coefficient": "1.0", "space": "склад", "status_book": false, "mark": false, "return_order": []}}, {"model": "booklib.bookobj", "pk": "3fd1c914-7411-46e7-bb7d-1f9b29ad3946", "fields": {"book": 13, "registr_date": "2025-09-15", "price": "24.00", "price_per_day": "4.00", "current_day_price": "4.00", "coefficient": "1.0", "space": "склад", "status_book": false, "mark": false, "return_order": []}}, {"model": "booklib.bookobj", "pk": "420eb8ff-3518-4d88-a49f-2791ad0ed741", "fields": {"book": 17, "registr_date": "2025-09-15", "price": "25.00", "price_per_day": "7.00", "current_day_price": "7.00", "coefficient": "1.0", "space": "склад", "status_book": false, "mark": false, "return_order": []}}, {"model": "booklib.bookobj", "pk": "42cbbeec-e9f8-4506-a7c4-268334e60073", "fields": {"book": 13, "registr_date": "2025-09-15", "price": "24.00", "price_per_day": "4.00", "current_day_price": "4.00", "coefficient": "1.0", "space": "склад", "status_book": false, "mark": false, "return_order": []}}, {"model": "booklib.bookobj", "pk": "42cf3a36-bcfe-42fd-8ad8-42b5e3401772", "fields": {"book": 14, "registr_date": "2025-09-15", "price": "38.00", "price_per_day": "7.00", "current_day_price": "7.00", "coefficient": "1.0", "space": "склад", "status_book": false, "mark": false, "return_order": []}}, {"model": "booklib.bookobj", "pk": "42fed563-1963-4621-a3e0-2f0d5ce8f8d7", "fields": {"book": 21, "registr_date": "2025-09-15", "price": "56.00", "price_per_day": "12.00", "current_day_price": "12.00", "coefficient": "1.0", "space": "склад", "status_book": false, "mark": false, "return_order": []}}, {"model": "booklib.bookobj", "pk": "43cc82bd-0983-4e73-87f8-1c6e39711d5f", "fields": {"book": 9, "registr_date": "2025-09-15", "price": "41.00", "price_per_day": "10.00", "current_day_price": "10.00", "coefficient": "1.0", "space": "склад", "status_book": false, "mark": false, "return_order": []}}, {"model": "booklib.bookobj", "pk": "440f8851-3d07-4248-abff-a893fd1eac0d", "fields": {"book": 10, "registr_date": "2025-09-15", "price": "57.00", "price_per_day": "12.00", "current_day_price": "12.00", "coefficient": "1.0", "space": "склад", "status_book": false, "mark": false, "return_order": []}}, {"model": "booklib.bookobj", "pk": "448c5cb1-f9bc-49d5-9ee7-1dfe6334b1e9", "fields": {"book": 5, "registr_date": "2025-09-15", "price": "35.00", "price_per_day": "7.00", "current_day_price": "7.00", "coefficient": "1.0", "space": "склад", "status_book": false, "mark": false, "return_order": []}}, {"model": "booklib.bookobj", "pk": "4496d0a3-071f-4a5a-89eb-6c0f35b7193a", "fields": {"book": 27, "registr_date": "2025-09-15", "price": "37.00", "price_per_day": "8.00", "current_day_price": "8.00", "coefficient": "1.0", "space": "склад", "status_book": false, "mark": false, "return_order": []}}, {"model": "booklib.bookobj", "pk": "44e2ce19-c525-47d0-8a07-796d923cc2df", "fields": {"book": 26, "registr_date": "2025-09-15", "price": "20.00", "price_per_day": "3.00", "current_day_price": "3.00", "coefficient": "1.0", "space": "склад", "status_book": false, "mark": false, "return_order": []}}, {"model": "booklib.bookobj", "pk": "44f116b8-3890-4a52-8144-af1bc0718e57", "fields": {"book": 16, "registr_date": "2025-09-15", "price": "13.00", "price_per_day": "2.00", "current_day_price": "2.00", "coefficient": "1.0", "space": "склад", "status_book": false, "mark": false, "return_order": []}}, {"model": "booklib.bookobj", "pk": "44fecac1-affb-43f7-ab1e-4f4e90a59aa5", "fields": {"book": 30, "registr_date": "2025-09-15", "price": "31.00", "price_per_day": "9.00", "current_day_price": "9.00", "coefficient": "1.0", "space": "склад", "status_book": false, "mark": false, "return_order": []}}, {"model": "booklib.bookobj", "pk": "45688d96-3d81-4fb3-8b7a-6682b1a82dd5", "fields": {"book": 21, "registr_date": "2025-09-15", "price": "56.00", "price_per_day": "12.00", "current_day_price": "12.00", "coefficient": "1.0", "space": "склад", "status_book": false, "mark": false, "return_order": []}}, {"model": "booklib.bookobj", "pk": "456f36e8-f708-4752-80b6-411cfcaf4403", "fields": {"book": 31, "registr_date": "2025-09-15", "price": "39.00", "price_per_day": "10.00", "current_day_price": "10.00", "coefficient": "1.0", "space": "склад", "status_book": false, "mark": false, "return_order": []}}, {"model": "booklib.bookobj", "pk": "45cb7094-e7b1-4efa-81fd-356579a5cf6e", "fields": {"book": 21, "registr_date": "2025-09-15", "price": "56.00", "price_per_day": "12.00", "current_day_price": "12.00", "coefficient": "1.0", "space": "склад", "status_book": false, "mark": false, "return_order": []}}, {"model": "booklib.bookobj", "pk": "46b43db3-7429-40c0-8e48-c2840c1a223a", "fields": {"book": 8, "registr_date": "2025-09-15", "price": "15.00", "price_per_day": "4.00", "current_day_price": "4.00", "coefficient": "1.0", "space": "склад", "status_book": false, "mark": false, "return_order": []}}, {"model": "booklib.bookobj", "pk": "4722d2dd-6319-40f5-aa00-4c96382f5b60", "fields": {"book": 16, "registr_date": "2025-09-15", "price": "13.00", "price_per_day": "2.00", "current_day_price": "2.00", "coefficient": "1.0", "space": "склад", "status_book": false, "mark": false, "return_order": []}}, {"model": "booklib.bookobj", "pk": "48411df7-ece4-473e-9d40-35a7bb26f1bf", "fields": {"book": 17, "registr_date": "2025-09-15", "price": "25.00", "price_per_day": "7.00", "current_day_price": "7.00", "coefficient": "1.0", "space": "склад", "status_book": false, "mark": false, "return_order": []}}, {"model": "booklib.bookobj", "pk": "4861922d-633f-4855-9b3c-cb93c4edef94", "fields": {"book": 1, "registr_date": "2025-09-13", "price": "800.00", "price_per_day": "10.00", "current_day_price": "10.00", "coefficient": "1.0", "space": "полка а", "status_book": true, "mark": false, "return_order": [3]}}, {"model": "booklib.bookobj", "pk": "496cd0bc-1400-4420-b33f-cd56f3b472a7", "fields": {"book": 4, "registr_date": "2025-09-15", "price": "56.00", "price_per_day": "11.00", "current_day_price": "11.00", "coefficient": "1.0", "space": "склад", "status_book": false, "mark": false, "return_order": []}}, {"model": "booklib.bookobj", "pk": "4a4fe747-64fb-4877-9a22-3bc41588ad1c", "fields": {"book": 15, "registr_date": "2025-09-15", "price": "35.00", "price_per_day": "10.00", "current_day_price": "10.00", "coefficient": "1.0", "space": "склад", "status_book": false, "mark": false, "return_order": []}}, {"model": "booklib.bookobj", "pk": "4ade34da-8ffc-468c-8330-3fba6b503631", "fields": {"book": 2, "registr_date": "2025-09-13", "price": "35.00", "price_per_day": "1.00", "current_day_price": "1.00", "coefficient": "1.0", "space": "полка а", "status_book": false, "mark": false, "return_order": []}}, {"model": "booklib.bookobj", "pk": "4afdea9e-5a73-40cc-9a86-1b628b5fbc9a", "fields": {"book": 26, "registr_date": "2025-09-15", "price": "20.00", "price_per_day": "3.00", "current_day_price": "3.00", "coefficient": "1.0", "space": "склад", "status_book": false, "mark": false, "return_order": []}}, {"model": "booklib.bookobj", "pk": "4bbc7bbf-940c-4501-b5b1-beaecb076cbd", "fields": {"book": 20, "registr_date": "2025-09-15", "price": "31.00", "price_per_day": "7.00", "current_day_price": "7.00", "coefficient": "1.0", "space": "склад", "status_book": false, "mark": false, "return_order": []}}, {"model": "booklib.bookobj", "pk": "4c6c647e-4cef-494b-bf02-83b8670ebd3b", "fields": {"book": 21, "registr_date": "2025-09-15", "price": "56.00", "price_per_day": "12.00", "current_day_price": "12.00", "coefficient": "1.0", "space": "склад", "status_book": false, "mark": false, "return_order": []}}, {"model": "booklib.bookobj", "pk": "4cf56188-23a7-4f9e-9d6b-05d8e45ba206", "fields": {"book": 13, "registr_date": "2025-09-15", "price": "24.00", "price_per_day": "4.00", "current_day_price": "4.00", "coefficient": "1.0", "space": "склад", "status_book": false, "mark": false, "return_order": []}}, {"model": "booklib.bookobj", "pk": "4da6fa36-f087-429f-b772-daf2b974a3ab", "fields": {"book": 19, "registr_date": "2025-09-15", "price": "31.00", "price_per_day": "6.00", "current_day_price": "6.00", "coefficient": "1.0", "space": "склад", "status_book": false, "mark": false, "return_order": []}}, {"model": "booklib.bookobj", "pk": "4f62b5e2-eb01-4ba9-9c74-21b515d99b1f", "fields": {"book": 16, "registr_date": "2025-09-15", "price": "13.00", "price_per_day": "2.00", "current_day_price": "2.00", "coefficient": "1.0", "space": "склад", "status_book": false, "mark": false, "return_order": []}}, {"model": "booklib.bookobj", "pk": "4f7e24b2-9e43-4309-81df-7661ea7d9278", "fields": {"book": 18, "registr_date": "2025-09-15", "price": "37.00", "price_per_day": "9.00", "current_day_price": "9.00", "coefficient": "1.0", "space": "склад", "status_book": false, "mark": false, "return_order": []}}, {"model": "booklib.bookobj", "pk": "5112fa99-91f8-45f4-870f-b5e10bbce178", "fields": {"book": 28, "registr_date": "2025-09-15", "price": "29.00", "price_per_day": "7.00", "current_day_price": "7.00", "coefficient": "1.0", "space": "склад", "status_book": false, "mark": false, "return_order": []}}, {"model": "booklib.bookobj", "pk": "51370194-6de9-455c-9db3-9028da39ae24", "fields": {"book": 14, "registr_date": "2025-09-15", "price": "38.00", "price_per_day": "7.00", "current_day_price": "7.00", "coefficient": "1.0", "space": "склад", "status_book": false, "mark": false, "return_order": []}}, {"model": "booklib.bookobj", "pk": "52e649ca-1755-4af6-9c79-3bc01d75ff2d", "fields": {"book": 16, "registr_date": "2025-09-15", "price": "13.00", "price_per_day": "2.00", "current_day_price": "2.00", "coefficient": "1.0", "space": "склад", "status_book": false, "mark": false, "return_order": []}}, {"model": "booklib.bookobj", "pk": "53cb40a5-fbff-411f-aa33-a1bd4d89b8ed", "fields": {"book": 14, "registr_date": "2025-09-15", "price": "38.00", "price_per_day": "7.00", "current_day_price": "7.00", "coefficient": "1.0", "space": "склад", "status_book": false, "mark": false, "return_order": []}}, {"model": "booklib.bookobj", "pk": "548200fd-5e0b-43c1-b826-53b9398b4d6d", "fields": {"book": 19, "registr_date": "2025-09-15", "price": "31.00", "price_per_day": "6.00", "current_day_price": "6.00", "coefficient": "1.0", "space": "склад", "status_book": false, "mark": false, "return_order": []}}, {"model": "booklib.bookobj", "pk": "54cb2643-faf4-4bad-96af-49e9c526e8d5", "fields": {"book": 8, "registr_date": "2025-09-15", "price": "15.00", "price_per_day": "4.00", "current_day_price": "4.00", "coefficient": "1.0", "space": "склад", "status_book": false, "mark": false, "return_order": []}}, {"model": "booklib.bookobj", "pk": "553521f7-24e3-4e5e-abfd-fcf3ac16e999", "fields": {"book": 4, "registr_date": "2025-09-15", "price": "56.00", "price_per_day": "11.00", "current_day_price": "11.00", "coefficient": "1.0", "space": "склад", "status_book": false, "mark": false, "return_order": []}}, {"model": "booklib.bookobj", "pk": "55485e27-1649-4d47-be53-1b9829527891", "fields": {"book": 20, "registr_date": "2025-09-15", "price": "31.00", "price_per_day": "7.00", "current_day_price": "7.00", "coefficient": "1.0", "space": "склад", "status_book": false, "mark": false, "return_order": []}}, {"model": "booklib.bookobj", "pk": "55e3911f-efb5-4008-8c69-f6994b614698", "fields": {"book": 15, "registr_date": "2025-09-15", "price": "35.00", "price_per_day": "10.00", "current_day_price": "10.00", "coefficient": "1.0", "space": "склад", "status_book": false, "mark": false, "return_order": []}}, {"model": "booklib.bookobj", "pk": "5678a8c4-4928-46ac-a66d-d0eca8235685", "fields": {"book": 28, "registr_date": "2025-09-15", "price": "29.00", "price_per_day": "7.00", "current_day_price": "7.00", "coefficient": "1.0", "space": "склад", "status_book": false, "mark": false, "return_order": []}}, {"model": "booklib.bookobj", "pk": "56d9f844-857b-442a-a357-8a24c669b8ab", "fields": {"book": 17, "registr_date": "2025-09-15", "price": "25.00", "price_per_day": "7.00", "current_day_price": "7.00", "coefficient": "1.0", "space": "склад", "status_book": false, "mark": false, "return_order": []}}, {"model": "booklib.bookobj", "pk": "570e3270-8773-45a3-9fa6-30660cfa442a", "fields": {"book": 27, "registr_date": "2025-09-15", "price": "37.00", "price_per_day": "8.00", "current_day_price": "8.00", "coefficient": "1.0", "space": "склад", "status_book": false, "mark": false, "return_order": []}}, {"model": "booklib.bookobj", "pk": "580a6d63-4796-4f87-86ca-142423c7a2f4", "fields": {"book": 25, "registr_date": "2025-09-15", "price": "12.00", "price_per_day": "3.00", "current_day_price": "3.00", "coefficient": "1.0", "space": "склад", "status_book": false, "mark": false, "return_order": []}}, {"model": "booklib.bookobj", "pk": "58e4dc7c-0d63-4f98-b336-b50316f61c4f", "fields": {"book": 20, "registr_date": "2025-09-15", "price": "31.00", "price_per_day": "7.00", "current_day_price": "7.00", "coefficient": "1.0", "space": "склад", "status_book": false, "mark": false, "return_order": []}}, {"model": "booklib.bookobj", "pk": "596bb4a2-7128-4c5d-9b28-4eab78125c13", "fields": {"book": 29, "registr_date": "2025-09-15", "price": "34.00", "price_per_day": "8.00", "current_day_price": "8.00", "coefficient": "1.0", "space": "склад", "status_book": false, "mark": false, "return_order": []}}, {"model": "booklib.bookobj", "pk": "5a15f299-9b97-4466-b3e7-d48e7c887f10", "fields": {"book": 31, "registr_date": "2025-09-15", "price": "39.00", "price_per_day": "10.00", "current_day_price": "10.00", "coefficient": "1.0", "space": "склад", "status_book": false, "mark": false, "return_order": []}}, {"model": "booklib.bookobj", "pk": "5a17e0be-4fad-4cf4-855c-c67a3dec39d6", "fields": {"book": 29, "registr_date": "2025-09-15", "price": "34.00", "price_per_day": "8.00", "current_day_price": "8.00", "coefficient": "1.0", "space": "склад", "status_book": false, "mark": false, "return_order": []}}, {"model": "booklib.bookobj", "pk": "5c19a32c-d5d2-4c65-8496-886ea5f1668e", "fields": {"book": 14, "registr_date": "2025-09-15", "price": "38.00", "price_per_day": "7.00", "current_day_price": "7.00", "coefficient": "1.0", "space": "склад", "status_book": false, "mark": false, "return_order": []}}, {"model": "booklib.bookobj", "pk": "5cc65abd-6e92-407f-9954-04d36e6a4eba", "fields": {"book": 31, "registr_date": "2025-09-15", "price": "39.00", "price_per_day": "10.00", "current_day_price": "10.00", "coefficient": "1.0", "space": "склад", "status_book": false, "mark": false, "return_order": []}}, {"model": "booklib.bookobj", "pk": "5d0f8814-4bc8-4a81-b06b-e173b3e9eddf", "fields": {"book": 30, "registr_date": "2025-09-15", "price": "31.00", "price_per_day": "9.00", "current_day_price": "9.00", "coefficient": "1.0", "space": "склад", "status_book": false, "mark": false, "return_order": []}}, {"model": "booklib.bookobj", "pk": "5d6df623-7461-4c58-a546-8a14430e70a2", "fields": {"book": 4, "registr_date": "2025-09-15", "price": "56.00", "price_per_day": "11.00", "current_day_price": "11.00", "coefficient": "1.0", "space": "склад", "status_book": false, "mark": false, "return_order": []}}, {"model": "booklib.bookobj", "pk": "5d8e94f2-53f9-4682-8676-e46754740f62", "fields": {"book": 6, "registr_date": "2025-09-15", "price": "44.00", "price_per_day": "9.00", "current_day_price": "9.00", "coefficient": "1.0", "space": "склад", "status_book": false, "mark": false, "return_order": []}}, {"model": "booklib.bookobj", "pk": "5fda6023-3e16-4533-8e4d-ed4a0a44f5e2", "fields": {"book": 7, "registr_date": "2025-09-15", "price": "37.00", "price_per_day": "7.00", "current_day_price": "7.00", "coefficient": "1.0", "space": "склад", "status_book": false, "mark": false, "return_order": []}}, {"model": "booklib.bookobj", "pk": "6258c0a8-b66c-4e88-bed7-77dafc8fd198", "fields": {"book": 6, "registr_date": "2025-09-15", "price": "44.00", "price_per_day": "9.00", "current_day_price": "9.00", "coefficient": "1.0", "space": "склад", "status_book": false, "mark": false, "return_order": []}}, {"model": "booklib.bookobj", "pk": "62ad23d9-f96a-4214-8a44-da1310a53d92", "fields": {"book": 27, "registr_date": "2025-09-15", "price": "37.00", "price_per_day": "8.00", "current_day_price": "8.00", "coefficient": "1.0", "space": "склад", "status_book": false, "mark": false, "return_order": []}}, {"model": "booklib.bookobj", "pk": "6342fda1-916c-4616-9f2a-5ac4d43a7977", "fields": {"book": 6, "registr_date": "2025-09-15", "price": "44.00", "price_per_day": "9.00", "current_day_price": "9.00", "coefficient": "1.0", "space": "склад", "status_book": false, "mark": false, "return_order": []}}, {"model": "booklib.bookobj", "pk": "634cb565-3bb9-4c47-b5e7-effb1a7b43ea", "fields": {"book": 15, "registr_date": "2025-09-15", "price": "35.00", "price_per_day": "10.00", "current_day_price": "10.00", "coefficient": "1.0", "space": "склад", "status_book": false, "mark": false, "return_order": []}}, {"model": "booklib.bookobj", "pk": "63c5616f-b0a9-48e3-b483-f1815ec5a69e", "fields": {"book": 21, "registr_date": "2025-09-15", "price": "56.00", "price_per_day": "12.00", "current_day_price": "12.00", "coefficient": "1.0", "space": "склад", "status_book": false, "mark": false, "return_order": []}}, {"model": "booklib.bookobj", "pk": "65226743-5805-4d35-9ef0-91664525db38", "fields": {"book": 5, "registr_date": "2025-09-15", "price": "35.00", "price_per_day": "7.00", "current_day_price": "7.00", "coefficient": "1.0", "space": "склад", "status_book": false, "mark": false, "return_order": []}}, {"model": "booklib.bookobj", "pk": "6600dc20-2bf5-4787-8c8d-da5c47619bb3", "fields": {"book": 9, "registr_date": "2025-09-15", "price": "41.00", "price_per_day": "10.00", "current_day_price": "10.00", "coefficient": "1.0", "space": "склад", "status_book": false, "mark": false, "return_order": []}}, {"model": "booklib.bookobj", "pk": "66c7aa80-d8fc-43f7-8ac1-2c4d6734369e", "fields": {"book": 8, "registr_date": "2025-09-15", "price": "15.00", "price_per_day": "4.00", "current_day_price": "4.00", "coefficient": "1.0", "space": "склад", "status_book": false, "mark": false, "return_order": []}}, {"model": "booklib.bookobj", "pk": "67d2d9cf-47fb-4202-9919-82764ef06d37", "fields": {"book": 22, "registr_date": "2025-09-15", "price": "25.00", "price_per_day": "6.00", "current_day_price": "6.00", "coefficient": "1.0", "space": "склад", "status_book": false, "mark": false, "return_order": []}}, {"model": "booklib.bookobj", "pk": "685e309a-7d8a-4e90-bdd5-d933e6bf3900", "fields": {"book": 19, "registr_date": "2025-09-15", "price": "31.00", "price_per_day": "6.00", "current_day_price": "6.00", "coefficient": "1.0", "space": "склад", "status_book": false, "mark": false, "return_order": []}}, {"model": "booklib.bookobj", "pk": "69bb6e17-d56e-49f8-9dfd-d4b0b75f95cc", "fields": {"book": 1, "registr_date": "2025-09-13", "price": "800.00", "price_per_day": "10.00", "current_day_price": "10.00", "coefficient": "1.0", "space": "полка а", "status_book": true, "mark": false, "return_order": [1, 4, 8]}}, {"model": "booklib.bookobj", "pk": "69d87253-864b-46d9-ab79-2d7ac2dd03f6", "fields": {"book": 13, "registr_date": "2025-09-15", "price": "24.00", "price_per_day": "4.00", "current_day_price": "4.00", "coefficient": "1.0", "space": "склад", "status_book": false, "mark": false, "return_order": []}}, {"model": "booklib.bookobj", "pk": "6a558de7-39d1-4c36-867f-4c300dbd5432", "fields": {"book": 19, "registr_date": "2025-09-15", "price": "31.00", "price_per_day": "6.00", "current_day_price": "6.00", "coefficient": "1.0", "space": "склад", "status_book": false, "mark": false, "return_order": []}}, {"model": "booklib.bookobj", "pk": "6bd11eda-3773-4ae4-8db4-aa6a239499d3", "fields": {"book": 14, "registr_date": "2025-09-15", "price": "38.00", "price_per_day": "7.00", "current_day_price": "7.00", "coefficient": "1.0", "space": "склад", "status_book": false, "mark": false, "return_order": []}}, {"model": "booklib.bookobj", "pk": "6fda0e68-a5f7-45d1-aac5-be116644800b", "fields": {"book": 23, "registr_date": "2025-09-15", "price": "12.00", "price_per_day": "2.00", "current_day_price": "2.00", "coefficient": "1.0", "space": "склад", "status_book": false, "mark": false, "return_order": []}}, {"model": "booklib.bookobj", "pk": "722dc136-81cd-439f-ada4-3faedd97fcc6", "fields": {"book": 19, "registr_date": "2025-09-15", "price": "31.00", "price_per_day": "6.00", "current_day_price": "6.00", "coefficient": "1.0", "space": "склад", "status_book": false, "mark": false, "return_order": []}}, {"model": "booklib.bookobj", "pk": "741739d9-806f-400b-ae7e-a72ea6f9462f", "fields": {"book": 21, "registr_date": "2025-09-15", "price": "56.00", "price_per_day": "12.00", "current_day_price": "12.00", "coefficient": "1.0", "space": "склад", "status_book": false, "mark": false, "return_order": []}}, {"model": "booklib.bookobj", "pk": "748bad98-10d9-4885-a569-4437ea2693e8", "fields": {"book": 22, "registr_date": "2025-09-15", "price": "25.00", "price_per_day": "6.00", "current_day_price": "6.00", "coefficient": "1.0", "space": "склад", "status_book": false, "mark": false, "return_order": []}}, {"model": "booklib.bookobj", "pk": "75cecf75-54fd-478c-b6bc-04ae5cbebddb", "fields": {"book": 18, "registr_date": "2025-09-15", "price": "37.00", "price_per_day": "9.00", "current_day_price": "9.00", "coefficient": "1.0", "space": "склад", "status_book": false, "mark": false, "return_order": []}}, {"model": "booklib.bookobj", "pk": "76772079-c41c-46a8-8378-0f44e1638ad1", "fields": {"book": 10, "registr_date": "2025-09-15", "price": "57.00", "price_per_day": "12.00", "current_day_price": "12.00", "coefficient": "1.0", "space": "склад", "status_book": false, "mark": false, "return_order": []}}, {"model": "booklib.bookobj", "pk": "76f616f7-792d-46f8-a073-2347027952b2", "fields": {"book": 17, "registr_date": "2025-09-15", "price": "25.00", "price_per_day": "7.00", "current_day_price": "7.00", "coefficient": "1.0", "space": "склад", "status_book": false, "mark": false, "return_order": []}}, {"model": "booklib.bookobj", "pk": "772d254c-d255-4cd3-b6ba-fb2983c1b7cf", "fields": {"book": 10, "registr_date": "2025-09-15", "price": "57.00", "price_per_day": "12.00", "current_day_price": "12.00", "coefficient": "1.0", "space": "склад", "status_book": false, "mark": false, "return_order": []}}, {"model": "booklib.bookobj", "pk": "7760a025-26c0-45da-9ee8-3a641047d719", "fields": {"book": 11, "registr_date": "2025-09-15", "price": "28.00", "price_per_day": "7.00", "current_day_price": "7.00", "coefficient": "1.0", "space": "склад", "status_book": false, "mark": false, "return_order": []}}, {"model": "booklib.bookobj", "pk": "799d781c-9b5c-4f37-81bf-bd19f60b7423", "fields": {"book": 5, "registr_date": "2025-09-15", "price": "35.00", "price_per_day": "7.00", "current_day_price": "7.00", "coefficient": "1.0", "space": "склад", "status_book": false, "mark": false, "return_order": []}}, {"model": "booklib.bookobj", "pk": "79c100a5-3365-447c-a71c-e29a9eebbbb3", "fields": {"book": 31, "registr_date": "2025-09-15", "price": "39.00", "price_per_day": "10.00", "current_day_price": "10.00", "coefficient": "1.0", "space": "склад", "status_book": false, "mark": false, "return_order": []}}, {"model": "booklib.bookobj", "pk": "7a6391cd-0c44-4481-a282-5a5702d223af", "fields": {"book": 13, "registr_date": "2025-09-15", "price": "24.00", "price_per_day": "4.00", "current_day_price": "4.00", "coefficient": "1.0", "space": "склад", "status_book": false, "mark": false, "return_order": []}}, {"model": "booklib.bookobj", "pk": "7b2a982a-0aa5-4c1d-af31-a9bed9118cdb", "fields": {"book": 13, "registr_date": "2025-09-15", "price": "24.00", "price_per_day": "4.00", "current_day_price": "4.00", "coefficient": "1.0", "space": "склад", "status_book": false, "mark": false, "return_order": []}}, {"model": "booklib.bookobj", "pk": "7bcb9017-8c2c-43d3-ad07-958239cbf393", "fields": {"book": 27, "registr_date": "2025-09-15", "price": "37.00", "price_per_day": "8.00", "current_day_price": "8.00", "coefficient": "1.0", "space": "склад", "status_book": false, "mark": false, "return_order": []}}, {"model": "booklib.bookobj", "pk": "7c15d0b1-8da2-4743-b1a7-c59f9232030d", "fields": {"book": 6, "registr_date": "2025-09-15", "price": "44.00", "price_per_day": "9.00", "current_day_price": "9.00", "coefficient": "1.0", "space": "склад", "status_book": false, "mark": false, "return_order": []}}, {"model": "booklib.bookobj", "pk": "7dcc4e2c-e626-4f5e-a408-9d087e67dee9", "fields": {"book": 17, "registr_date": "2025-09-15", "price": "25.00", "price_per_day": "7.00", "current_day_price": "7.00", "coefficient": "1.0", "space": "склад", "status_book": false, "mark": false, "return_order": []}}, {"model": "booklib.bookobj", "pk": "7eb5e790-49f3-444a-a200-bf81b1818136", "fields": {"book": 19, "registr_date": "2025-09-15", "price": "31.00", "price_per_day": "6.00", "current_day_price": "6.00", "coefficient": "1.0", "space": "склад", "status_book": false, "mark": false, "return_order": []}}, {"model": "booklib.bookobj", "pk": "7f3ad343-5464-49e2-98ab-dc1f7823800b", "fields": {"book": 25, "registr_date": "2025-09-15", "price": "12.00", "price_per_day": "3.00", "current_day_price": "3.00", "coefficient": "1.0", "space": "склад", "status_book": false, "mark": false, "return_order": []}}, {"model": "booklib.bookobj", "pk": "7f82f951-bb25-417c-a1a6-25249824292b", "fields": {"book": 6, "registr_date": "2025-09-15", "price": "44.00", "price_per_day": "9.00", "current_day_price": "9.00", "coefficient": "1.0", "space": "склад", "status_book": false, "mark": false, "return_order": []}}, {"model": "booklib.bookobj", "pk": "7f8cd24a-8339-4ab9-976a-7cfc3bd79bfe", "fields": {"book": 10, "registr_date": "2025-09-15", "price": "57.00", "price_per_day": "12.00", "current_day_price": "12.00", "coefficient": "1.0", "space": "склад", "status_book": false, "mark": false, "return_order": []}}, {"model": "booklib.bookobj", "pk": "8019798a-02a3-44a5-aba8-0a93e713d098", "fields": {"book": 6, "registr_date": "2025-09-15", "price": "44.00", "price_per_day": "9.00", "current_day_price": "9.00", "coefficient": "1.0", "space": "склад", "status_book": false, "mark": false, "return_order": []}}, {"model": "booklib.bookobj", "pk": "80781c3c-7862-4c6b-9888-557e4d5848e8", "fields": {"book": 28, "registr_date": "2025-09-15", "price": "29.00", "price_per_day": "7.00", "current_day_price": "7.00", "coefficient": "1.0", "space": "склад", "status_book": false, "mark": false, "return_order": []}}, {"model": "booklib.bookobj", "pk": "807890d8-c2b3-4f0e-9139-3c43e074fbce", "fields": {"book": 18, "registr_date": "2025-09-15", "price": "37.00", "price_per_day": "9.00", "current_day_price": "9.00", "coefficient": "1.0", "space": "склад", "status_book": false, "mark": false, "return_order": []}}, {"model": "booklib.bookobj", "pk": "81961d80-840c-4f2a-bb70-241d6d100a03", "fields": {"book": 19, "registr_date": "2025-09-15", "price": "31.00", "price_per_day": "6.00", "current_day_price": "6.00", "coefficient": "1.0", "space": "склад", "status_book": false, "mark": false, "return_order": []}}, {"model": "booklib.bookobj", "pk": "8280b71b-082f-4db3-976a-9928bc976215", "fields": {"book": 13, "registr_date": "2025-09-15", "price": "24.00", "price_per_day": "4.00", "current_day_price": "4.00", "coefficient": "1.0", "space": "склад", "status_book": false, "mark": false, "return_order": []}}, {"model": "booklib.bookobj", "pk": "85257617-b5f7-4a39-a113-5dff5ab63d49", "fields": {"book": 25, "registr_date": "2025-09-15", "price": "12.00", "price_per_day": "3.00", "current_day_price": "3.00", "coefficient": "1.0", "space": "склад", "status_book": false, "mark": false, "return_order": []}}, {"model": "booklib.bookobj", "pk": "857b7a15-ee84-41bc-8659-7ab6b2c4401f", "fields": {"book": 16, "registr_date": "2025-09-15", "price": "13.00", "price_per_day": "2.00", "current_day_price": "2.00", "coefficient": "1.0", "space": "склад", "status_book": false, "mark": false, "return_order": []}}, {"model": "booklib.bookobj", "pk": "857e9c89-654b-465c-96f8-becf1b757679", "fields": {"book": 26, "registr_date": "2025-09-15", "price": "20.00", "price_per_day": "3.00", "current_day_price": "3.00", "coefficient": "1.0", "space": "склад", "status_book": false, "mark": false, "return_order": []}}, {"model": "booklib.bookobj", "pk": "85c98b1b-02cf-48c1-bafc-a5628f082055", "fields": {"book": 28, "registr_date": "2025-09-15", "price": "29.00", "price_per_day": "7.00", "current_day_price": "7.00", "coefficient": "1.0", "space": "склад", "status_book": false, "mark": false, "return_order": []}}, {"model": "booklib.bookobj", "pk": "85e326bf-bc52-4971-b29a-5a8b5ac741e0", "fields": {"book": 8, "registr_date": "2025-09-15", "price": "15.00", "price_per_day": "4.00", "current_day_price": "4.00", "coefficient": "1.0", "space": "склад", "status_book": false, "mark": false, "return_order": []}}, {"model": "booklib.bookobj", "pk": "860f317c-f04c-4f56-a824-4bee1a645a2b", "fields": {"book": 23, "registr_date": "2025-09-15", "price": "12.00", "price_per_day": "2.00", "current_day_price": "2.00", "coefficient": "1.0", "space": "склад", "status_book": false, "mark": false, "return_order": []}}, {"model": "booklib.bookobj", "pk": "86668886-512e-4f23-a0a0-ebef9c6743ed", "fields": {"book": 21, "registr_date": "2025-09-15", "price": "56.00", "price_per_day": "12.00", "current_day_price": "12.00", "coefficient": "1.0", "space": "склад", "status_book": false, "mark": false, "return_order": []}}, {"model": "booklib.bookobj", "pk": "867f12e4-15eb-4a3e-8701-19aac4a38429", "fields": {"book": 5, "registr_date": "2025-09-15", "price": "35.00", "price_per_day": "7.00", "current_day_price": "7.00", "coefficient": "1.0", "space": "склад", "status_book": false, "mark": false, "return_order": []}}, {"model": "booklib.bookobj", "pk": "868705dc-5bdb-4837-a69e-97b31acf3331", "fields": {"book": 23, "registr_date": "2025-09-15", "price": "12.00", "price_per_day": "2.00", "current_day_price": "2.00", "coefficient": "1.0", "space": "склад", "status_book": false, "mark": false, "return_order": []}}, {"model": "booklib.bookobj", "pk": "876eb5d8-8055-4b3c-9038-012fa2e238b8", "fields": {"book": 18, "registr_date": "2025-09-15", "price": "37.00", "price_per_day": "9.00", "current_day_price": "9.00", "coefficient": "1.0", "space": "склад", "status_book": false, "mark": false, "return_order": []}}, {"model": "booklib.bookobj", "pk": "883fed0b-f19f-4251-b15e-cf9907f43a36", "fields": {"book": 15, "registr_date": "2025-09-15", "price": "35.00", "price_per_day": "10.00", "current_day_price": "10.00", "coefficient": "1.0", "space": "склад", "status_book": false, "mark": false, "return_order": []}}, {"model": "booklib.bookobj", "pk": "884e2087-4787-4423-87c0-a8a0a865da4c", "fields": {"book": 28, "registr_date": "2025-09-15", "price": "29.00", "price_per_day": "7.00", "current_day_price": "7.00", "coefficient": "1.0", "space": "склад", "status_book": false, "mark": false, "return_order": []}}, {"model": "booklib.bookobj", "pk": "8922ab7f-321e-49e5-a5f6-f7e259693f2e", "fields": {"book": 10, "registr_date": "2025-09-15", "price": "57.00", "price_per_day": "12.00", "current_day_price": "12.00", "coefficient": "1.0", "space": "склад", "status_book": false, "mark": false, "return_order": []}}, {"model": "booklib.bookobj", "pk": "89a874e5-4966-4f11-ab30-e4c91b2b43b6", "fields": {"book": 7, "registr_date": "2025-09-15", "price": "37.00", "price_per_day": "7.00", "current_day_price": "7.00", "coefficient": "1.0", "space": "склад", "status_book": false, "mark": false, "return_order": []}}, {"model": "booklib.bookobj", "pk": "8a5de102-c153-49e6-94bd-2f204653418e", "fields": {"book": 6, "registr_date": "2025-09-15", "price": "44.00", "price_per_day": "9.00", "current_day_price": "9.00", "coefficient": "1.0", "space": "склад", "status_book": false, "mark": false, "return_order": []}}, {"model": "booklib.bookobj", "pk": "8ab8a383-c541-4dee-995c-f10ec82b91e8", "fields": {"book": 7, "registr_date": "2025-09-15", "price": "37.00", "price_per_day": "7.00", "current_day_price": "7.00", "coefficient": "1.0", "space": "склад", "status_book": false, "mark": false, "return_order": []}}, {"model": "booklib.bookobj", "pk": "8baffacb-c1d0-4e48-8085-966f48612059", "fields": {"book": 13, "registr_date": "2025-09-15", "price": "24.00", "price_per_day": "4.00", "current_day_price": "4.00", "coefficient": "1.0", "space": "склад", "status_book": false, "mark": false, "return_order": []}}, {"model": "booklib.bookobj", "pk": "8c043777-d5f2-456e-85ed-e44f014e72b1", "fields": {"book": 10, "registr_date": "2025-09-15", "price": "57.00", "price_per_day": "12.00", "current_day_price": "12.00", "coefficient": "1.0", "space": "склад", "status_book": false, "mark": false, "return_order": []}}, {"model": "booklib.bookobj", "pk": "8c8e2fa9-305d-486e-a5cf-8c665d2adf02", "fields": {"book": 31, "registr_date": "2025-09-15", "price": "39.00", "price_per_day": "10.00", "current_day_price": "10.00", "coefficient": "1.0", "space": "склад", "status_book": false, "mark": false, "return_order": []}}, {"model": "booklib.bookobj", "pk": "8d58386d-0f59-4d92-b99d-e9209dfb135c", "fields": {"book": 26, "registr_date": "2025-09-15", "price": "20.00", "price_per_day": "3.00", "current_day_price": "3.00", "coefficient": "1.0", "space": "склад", "status_book": false, "mark": false, "return_order": []}}, {"model": "booklib.bookobj", "pk": "8eb9dcbd-b34a-431f-955b-e7f2389fcad6", "fields": {"book": 19, "registr_date": "2025-09-15", "price": "31.00", "price_per_day": "6.00", "current_day_price": "6.00", "coefficient": "1.0", "space": "склад", "status_book": false, "mark": false, "return_order": []}}, {"model": "booklib.bookobj", "pk": "904170ff-cf6b-4e54-b4d4-088f487c3641", "fields": {"book": 22, "registr_date": "2025-09-15", "price": "25.00", "price_per_day": "6.00", "current_day_price": "6.00", "coefficient": "1.0", "space": "склад", "status_book": false, "mark": false, "return_order": []}}, {"model": "booklib.bookobj", "pk": "9072e83e-8204-4c91-8955-5cc589d64640", "fields": {"book": 6, "registr_date": "2025-09-15", "price": "44.00", "price_per_day": "9.00", "current_day_price": "9.00", "coefficient": "1.0", "space": "склад", "status_book": false, "mark": false, "return_order": []}}, {"model": "booklib.bookobj", "pk": "90d95c85-8436-418e-94bd-6a687b4ec3d4", "fields": {"book": 5, "registr_date": "2025-09-15", "price": "35.00", "price_per_day": "7.00", "current_day_price": "7.00", "coefficient": "1.0", "space": "склад", "status_book": false, "mark": false, "return_order": []}}, {"model": "booklib.bookobj", "pk": "91a36f50-02a5-4af2-84e2-66b347035fcf", "fields": {"book": 9, "registr_date": "2025-09-15", "price": "41.00", "price_per_day": "10.00", "current_day_price": "10.00", "coefficient": "1.0", "space": "склад", "status_book": false, "mark": false, "return_order": []}}, {"model": "booklib.bookobj", "pk": "91f1576e-ceed-4ddb-aff3-2279032ed8e0", "fields": {"book": 29, "registr_date": "2025-09-15", "price": "34.00", "price_per_day": "8.00", "current_day_price": "8.00", "coefficient": "1.0", "space": "склад", "status_book": false, "mark": false, "return_order": []}}, {"model": "booklib.bookobj", "pk": "922c39b1-271b-46d3-a48a-f845934bcd62", "fields": {"book": 10, "registr_date": "2025-09-15", "price": "57.00", "price_per_day": "12.00", "current_day_price": "12.00", "coefficient": "1.0", "space": "склад", "status_book": false, "mark": false, "return_order": []}}, {"model": "booklib.bookobj", "pk": "9279fc48-9afc-4118-abb1-1cd68a5d6d8e", "fields": {"book": 12, "registr_date": "2025-09-15", "price": "39.00", "price_per_day": "9.00", "current_day_price": "9.00", "coefficient": "1.0", "space": "склад", "status_book": false, "mark": false, "return_order": []}}, {"model": "booklib.bookobj", "pk": "92b6f232-6c39-48b6-a7ce-726800f40a60", "fields": {"book": 27, "registr_date": "2025-09-15", "price": "37.00", "price_per_day": "8.00", "current_day_price": "8.00", "coefficient": "1.0", "space": "склад", "status_book": false, "mark": false, "return_order": []}}, {"model": "booklib.bookobj", "pk": "93693a2b-7d11-48f1-a269-55324b7d43d3", "fields": {"book": 21, "registr_date": "2025-09-15", "price": "56.00", "price_per_day": "12.00", "current_day_price": "12.00", "coefficient": "1.0", "space": "склад", "status_book": false, "mark": false, "return_order": []}}, {"model": "booklib.bookobj", "pk": "93b73680-d790-45c6-9f57-418f4170ffaa", "fields": {"book": 27, "registr_date": "2025-09-15", "price": "37.00", "price_per_day": "8.00", "current_day_price": "8.00", "coefficient": "1.0", "space": "склад", "status_book": false, "mark": false, "return_order": []}}, {"model": "booklib.bookobj", "pk": "93fc4b06-1457-4610-9c07-2a4753956e6f", "fields": {"book": 15, "registr_date": "2025-09-15", "price": "35.00", "price_per_day": "10.00", "current_day_price": "10.00", "coefficient": "1.0", "space": "склад", "status_book": false, "mark": false, "return_order": []}}, {"model": "booklib.bookobj", "pk": "9458f5ae-4fea-4456-8fc3-12f6e0b61bb1", "fields": {"book": 18, "registr_date": "2025-09-15", "price": "37.00", "price_per_day": "9.00", "current_day_price": "9.00", "coefficient": "1.0", "space": "склад", "status_book": false, "mark": false, "return_order": [9, 10]}}, {"model": "booklib.bookobj", "pk": "948e0cd8-0db4-4a2c-8d29-f191640baf25", "fields": {"book": 4, "registr_date": "2025-09-15", "price": "56.00", "price_per_day": "11.00", "current_day_price": "11.00", "coefficient": "1.0", "space": "склад", "status_book": false, "mark": false, "return_order": []}}, {"model": "booklib.bookobj", "pk": "949df05b-fba2-4313-86bc-24106a70ef46", "fields": {"book": 5, "registr_date": "2025-09-15", "price": "35.00", "price_per_day": "7.00", "current_day_price": "7.00", "coefficient": "1.0", "space": "склад", "status_book": false, "mark": false, "return_order": []}}, {"model": "booklib.bookobj", "pk": "94e054a7-8d9f-44cf-95e5-74bb49f03a04", "fields": {"book": 26, "registr_date": "2025-09-15", "price": "20.00", "price_per_day": "3.00", "current_day_price": "3.00", "coefficient": "1.0", "space": "склад", "status_book": false, "mark": false, "return_order": []}}, {"model": "booklib.bookobj", "pk": "94f4b0bc-9981-40e4-9825-8a0bb071901d", "fields": {"book": 6, "registr_date": "2025-09-15", "price": "44.00", "price_per_day": "9.00", "current_day_price": "9.00", "coefficient": "1.0", "space": "склад", "status_book": false, "mark": false, "return_order": []}}, {"model": "booklib.bookobj", "pk": "97e67f85-044d-4d5e-b3d9-8d538566c709", "fields": {"book": 31, "registr_date": "2025-09-15", "price": "39.00", "price_per_day": "10.00", "current_day_price": "10.00", "coefficient": "1.0", "space": "склад", "status_book": false, "mark": false, "return_order": []}}, {"model": "booklib.bookobj", "pk": "980d4d1a-4020-48a9-9205-dfc9904cfb98", "fields": {"book": 28, "registr_date": "2025-09-15", "price": "29.00", "price_per_day": "7.00", "current_day_price": "7.00", "coefficient": "1.0", "space": "склад", "status_book": false, "mark": false, "return_order": []}}, {"model": "booklib.bookobj", "pk": "9906665f-444b-494a-8dd8-9a3b5c6e05a8", "fields": {"book": 7, "registr_date": "2025-09-15", "price": "37.00", "price_per_day": "7.00", "current_day_price": "7.00", "coefficient": "1.0", "space": "склад", "status_book": false, "mark": false, "return_order": []}}, {"model": "booklib.bookobj", "pk": "999849b9-81c4-437b-a4a3-b5684605e551", "fields": {"book": 18, "registr_date": "2025-09-15", "price": "37.00", "price_per_day": "9.00", "current_day_price": "9.00", "coefficient": "1.0", "space": "склад", "status_book": false, "mark": false, "return_order": []}}, {"model": "booklib.bookobj", "pk": "9a81d55a-f892-44b7-a8e5-66ec2547357e", "fields": {"book": 26, "registr_date": "2025-09-15", "price": "20.00", "price_per_day": "3.00", "current_day_price": "3.00", "coefficient": "1.0", "space": "склад", "status_book": false, "mark": false, "return_order": []}}, {"model": "booklib.bookobj", "pk": "9ac68f69-b23c-42fd-a777-84253150dea0", "fields": {"book": 23, "registr_date": "2025-09-15", "price": "12.00", "price_per_day": "2.00", "current_day_price": "2.00", "coefficient": "1.0", "space": "склад", "status_book": false, "mark": false, "return_order": []}}, {"model": "booklib.bookobj", "pk": "9b076868-cffb-4194-a067-37782a37a63e", "fields": {"book": 13, "registr_date": "2025-09-15", "price": "24.00", "price_per_day": "4.00", "current_day_price": "4.00", "coefficient": "1.0", "space": "склад", "status_book": false, "mark": false, "return_order": []}}, {"model": "booklib.bookobj", "pk": "9b7b12fa-17e9-43c3-9fea-504ac5cd01d6", "fields": {"book": 10, "registr_date": "2025-09-15", "price": "57.00", "price_per_day": "12.00", "current_day_price": "12.00", "coefficient": "1.0", "space": "склад", "status_book": false, "mark": false, "return_order": []}}, {"model": "booklib.bookobj", "pk": "9d8ed46b-8b54-4349-b7b8-3c5a984a2d43", "fields": {"book": 26, "registr_date": "2025-09-15", "price": "20.00", "price_per_day": "3.00", "current_day_price": "3.00", "coefficient": "1.0", "space": "склад", "status_book": false, "mark": false, "return_order": []}}, {"model": "booklib.bookobj", "pk": "9e258f72-7b9f-41c3-9887-eabe8f41e58a", "fields": {"book": 17, "registr_date": "2025-09-15", "price": "25.00", "price_per_day": "7.00", "current_day_price": "7.00", "coefficient": "1.0", "space": "склад", "status_book": false, "mark": false, "return_order": []}}, {"model": "booklib.bookobj", "pk": "9ee5165c-e755-46c0-a127-b8b80008e28e", "fields": {"book": 6, "registr_date": "2025-09-15", "price": "44.00", "price_per_day": "9.00", "current_day_price": "9.00", "coefficient": "1.0", "space": "склад", "status_book": false, "mark": false, "return_order": []}}, {"model": "booklib.bookobj", "pk": "9efdbdbb-97c4-498b-8373-03da80eab0ab", "fields": {"book": 28, "registr_date": "2025-09-15", "price": "29.00", "price_per_day": "7.00", "current_day_price": "7.00", "coefficient": "1.0", "space": "склад", "status_book": false, "mark": false, "return_order": []}}, {"model": "booklib.bookobj", "pk": "9f159387-7314-4dff-a4df-56b3f418b429", "fields": {"book": 29, "registr_date": "2025-09-15", "price": "34.00", "price_per_day": "8.00", "current_day_price": "8.00", "coefficient": "1.0", "space": "склад", "status_book": false, "mark": false, "return_order": []}}, {"model": "booklib.bookobj", "pk": "a020fcd4-e5ae-4f19-a383-77a76ac52547", "fields": {"book": 30, "registr_date": "2025-09-15", "price": "31.00", "price_per_day": "9.00", "current_day_price": "9.00", "coefficient": "1.0", "space": "склад", "status_book": false, "mark": false, "return_order": []}}, {"model": "booklib.bookobj", "pk": "a1449876-11db-4b97-95fb-f3e98e154089", "fields": {"book": 4, "registr_date": "2025-09-15", "price": "56.00", "price_per_day": "11.00", "current_day_price": "11.00", "coefficient": "1.0", "space": "склад", "status_book": false, "mark": false, "return_order": []}}, {"model": "booklib.bookobj", "pk": "a146fd86-146c-4b97-a154-f423b36c6377", "fields": {"book": 16, "registr_date": "2025-09-15", "price": "13.00", "price_per_day": "2.00", "current_day_price": "2.00", "coefficient": "1.0", "space": "склад", "status_book": false, "mark": false, "return_order": []}}, {"model": "booklib.bookobj", "pk": "a1e31186-ad19-4da5-8118-b8e367519e42", "fields": {"book": 13, "registr_date": "2025-09-15", "price": "24.00", "price_per_day": "4.00", "current_day_price": "4.00", "coefficient": "1.0", "space": "склад", "status_book": false, "mark": false, "return_order": []}}, {"model": "booklib.bookobj", "pk": "a244f50f-f8e4-4939-b651-3a8872581b63", "fields": {"book": 17, "registr_date": "2025-09-15", "price": "25.00", "price_per_day": "7.00", "current_day_price": "7.00", "coefficient": "1.0", "space": "склад", "status_book": false, "mark": false, "return_order": []}}, {"model": "booklib.bookobj", "pk": "a26c654f-29dc-4e96-8eb6-6f95f62e0407", "fields": {"book": 6, "registr_date": "2025-09-15", "price": "44.00", "price_per_day": "9.00", "current_day_price": "9.00", "coefficient": "1.0", "space": "склад", "status_book": false, "mark": false, "return_order": []}}, {"model": "booklib.bookobj", "pk": "a2803806-f9a4-440c-9929-f499636cbdd6", "fields": {"book": 28, "registr_date": "2025-09-15", "price": "29.00", "price_per_day": "7.00", "current_day_price": "7.00", "coefficient": "1.0", "space": "склад", "status_book": false, "mark": false, "return_order": []}}, {"model": "booklib.bookobj", "pk": "a38f64fb-0329-4fb0-b89c-91dc813193dc", "fields": {"book": 31, "registr_date": "2025-09-15", "price": "39.00", "price_per_day": "10.00", "current_day_price": "10.00", "coefficient": "1.0", "space": "склад", "status_book": false, "mark": false, "return_order": []}}, {"model": "booklib.bookobj", "pk": "a488cf2b-6f73-4e14-ac68-80cd791ee757", "fields": {"book": 31, "registr_date": "2025-09-15", "price": "39.00", "price_per_day": "10.00", "current_day_price": "10.00", "coefficient": "1.0", "space": "склад", "status_book": false, "mark": false, "return_order": []}}, {"model": "booklib.bookobj", "pk": "a4a40fd4-0f94-4eee-a566-4d9f32a3bd54", "fields": {"book": 29, "registr_date": "2025-09-15", "price": "34.00", "price_per_day": "8.00", "current_day_price": "8.00", "coefficient": "1.0", "space": "склад", "status_book": false, "mark": false, "return_order": []}}, {"model": "booklib.bookobj", "pk": "a4a89dcc-f43a-474c-88b5-427e918a3ab0", "fields": {"book": 14, "registr_date": "2025-09-15", "price": "38.00", "price_per_day": "7.00", "current_day_price": "7.00", "coefficient": "1.0", "space": "склад", "status_book": false, "mark": false, "return_order": []}}, {"model": "booklib.bookobj", "pk": "a610fe45-8400-4dad-81d7-060b242fdc0d", "fields": {"book": 17, "registr_date": "2025-09-15", "price": "25.00", "price_per_day": "7.00", "current_day_price": "7.00", "coefficient": "1.0", "space": "склад", "status_book": false, "mark": false, "return_order": []}}, {"model": "booklib.bookobj", "pk": "a647df2b-41a9-4f02-af33-4014019d63c0", "fields": {"book": 15, "registr_date": "2025-09-15", "price": "35.00", "price_per_day": "10.00", "current_day_price": "10.00", "coefficient": "1.0", "space": "склад", "status_book": false, "mark": false, "return_order": []}}, {"model": "booklib.bookobj", "pk": "a672117e-6ab1-4443-ba92-435444a4dfce", "fields": {"book": 28, "registr_date": "2025-09-15", "price": "29.00", "price_per_day": "7.00", "current_day_price": "7.00", "coefficient": "1.0", "space": "склад", "status_book": false, "mark": false, "return_order": []}}, {"model": "booklib.bookobj", "pk": "a6860aaa-7e15-443c-8c35-bc7f6f737056", "fields": {"book": 26, "registr_date": "2025-09-15", "price": "20.00", "price_per_day": "3.00", "current_day_price": "3.00", "coefficient": "1.0", "space": "склад", "status_book": false, "mark": false, "return_order": []}}, {"model": "booklib.bookobj", "pk": "a6e802a1-4772-4156-bff5-653625f072d8", "fields": {"book": 21, "registr_date": "2025-09-15", "price": "56.00", "price_per_day": "12.00", "current_day_price": "12.00", "coefficient": "1.0", "space": "склад", "status_book": false, "mark": false, "return_order": []}}, {"model": "booklib.bookobj", "pk": "a78787f8-c61b-4750-93de-0e3c1a83f46c", "fields": {"book": 17, "registr_date": "2025-09-15", "price": "25.00", "price_per_day": "7.00", "current_day_price": "7.00", "coefficient": "1.0", "space": "склад", "status_book": false, "mark": false, "return_order": []}}, {"model": "booklib.bookobj", "pk": "a7f2467a-d010-408a-8ed0-9c9c7fb9ecde", "fields": {"book": 26, "registr_date": "2025-09-15", "price": "20.00", "price_per_day": "3.00", "current_day_price": "3.00", "coefficient": "1.0", "space": "склад", "status_book": false, "mark": false, "return_order": []}}, {"model": "booklib.bookobj", "pk": "a93fd65b-dd37-40c8-9f3b-a0fc6f97080c", "fields": {"book": 19, "registr_date": "2025-09-15", "price": "31.00", "price_per_day": "6.00", "current_day_price": "6.00", "coefficient": "1.0", "space": "склад", "status_book": false, "mark": false, "return_order": []}}, {"model": "booklib.bookobj", "pk": "aab746a6-d4cb-4538-9dfe-39103d5d5148", "fields": {"book": 13, "registr_date": "2025-09-15", "price": "24.00", "price_per_day": "4.00", "current_day_price": "4.00", "coefficient": "1.0", "space": "склад", "status_book": false, "mark": false, "return_order": []}}, {"model": "booklib.bookobj", "pk": "aac5e6e5-a7d5-4ac9-9369-fd7f8a0d4520", "fields": {"book": 4, "registr_date": "2025-09-15", "price": "56.00", "price_per_day": "11.00", "current_day_price": "11.00", "coefficient": "1.0", "space": "склад", "status_book": false, "mark": false, "return_order": []}}, {"model": "booklib.bookobj", "pk": "ab1fde82-0797-4a67-bdc3-d8b378d9fa2b", "fields": {"book": 23, "registr_date": "2025-09-15", "price": "12.00", "price_per_day": "2.00", "current_day_price": "2.00", "coefficient": "1.0", "space": "склад", "status_book": false, "mark": false, "return_order": []}}, {"model": "booklib.bookobj", "pk": "ab77b095-e465-40b4-b4bd-34f23e4885a0", "fields": {"book": 13, "registr_date": "2025-09-15", "price": "24.00", "price_per_day": "4.00", "current_day_price": "4.00", "coefficient": "1.0", "space": "склад", "status_book": false, "mark": false, "return_order": []}}, {"model": "booklib.bookobj", "pk": "ab830d9f-f7eb-45f6-b0d0-56dc7bb6ca1b", "fields": {"book": 12, "registr_date": "2025-09-15", "price": "39.00", "price_per_day": "9.00", "current_day_price": "9.00", "coefficient": "1.0", "space": "склад", "status_book": false, "mark": false, "return_order": []}}, {"model": "booklib.bookobj", "pk": "abb41098-64b4-46c2-9698-bbe8d633aec1", "fields": {"book": 11, "registr_date": "2025-09-15", "price": "28.00", "price_per_day": "7.00", "current_day_price": "7.00", "coefficient": "1.0", "space": "склад", "status_book": false, "mark": false, "return_order": []}}, {"model": "booklib.bookobj", "pk": "ac27cc90-cee3-4a23-8022-f9ed0e17ecce", "fields": {"book": 15, "registr_date": "2025-09-15", "price": "35.00", "price_per_day": "10.00", "current_day_price": "10.00", "coefficient": "1.0", "space": "склад", "status_book": false, "mark": false, "return_order": []}}, {"model": "booklib.bookobj", "pk": "ac4dcec1-ce7f-4ccf-8861-8a8201ca33fc", "fields": {"book": 6, "registr_date": "2025-09-15", "price": "44.00", "price_per_day": "9.00", "current_day_price": "9.00", "coefficient": "1.0", "space": "склад", "status_book": false, "mark": false, "return_order": []}}, {"model": "booklib.bookobj", "pk": "ac65a437-c716-45ec-956b-a53737bf2ef0", "fields": {"book": 30, "registr_date": "2025-09-15", "price": "31.00", "price_per_day": "9.00", "current_day_price": "9.00", "coefficient": "1.0", "space": "склад", "status_book": false, "mark": false, "return_order": []}}, {"model": "booklib.bookobj", "pk": "ac6f6e7b-bc19-48c9-8423-b63910a8d176", "fields": {"book": 17, "registr_date": "2025-09-15", "price": "25.00", "price_per_day": "7.00", "current_day_price": "7.00", "coefficient": "1.0", "space": "склад", "status_book": false, "mark": false, "return_order": []}}, {"model": "booklib.bookobj", "pk": "ad75a957-2fe2-4014-ad29-b96f49075ebb", "fields": {"book": 10, "registr_date": "2025-09-15", "price": "57.00", "price_per_day": "12.00", "current_day_price": "12.00", "coefficient": "1.0", "space": "склад", "status_book": false, "mark": false, "return_order": []}}, {"model": "booklib.bookobj", "pk": "b010bd16-1844-4091-a7a3-4ef025107495", "fields": {"book": 30, "registr_date": "2025-09-15", "price": "31.00", "price_per_day": "9.00", "current_day_price": "9.00", "coefficient": "1.0", "space": "склад", "status_book": false, "mark": false, "return_order": []}}, {"model": "booklib.bookobj", "pk": "b01254c4-c958-41c2-920d-7d711737d2ed", "fields": {"book": 11, "registr_date": "2025-09-15", "price": "28.00", "price_per_day": "7.00", "current_day_price": "7.00", "coefficient": "1.0", "space": "склад", "status_book": false, "mark": false, "return_order": []}}, {"model": "booklib.bookobj", "pk": "b05651cc-881d-43e3-8f47-81f5b9e642e9", "fields": {"book": 11, "registr_date": "2025-09-15", "price": "28.00", "price_per_day": "7.00", "current_day_price": "7.00", "coefficient": "1.0", "space": "склад", "status_book": false, "mark": false, "return_order": []}}, {"model": "booklib.bookobj", "pk": "b09187d5-00ec-47cc-8877-5eb04ae18db5", "fields": {"book": 21, "registr_date": "2025-09-15", "price": "56.00", "price_per_day": "12.00", "current_day_price": "12.00", "coefficient": "1.0", "space": "склад", "status_book": false, "mark": false, "return_order": []}}, {"model": "booklib.bookobj", "pk": "b17a18ee-2f4b-47b7-ae09-76a844547b15", "fields": {"book": 21, "registr_date": "2025-09-15", "price": "56.00", "price_per_day": "12.00", "current_day_price": "12.00", "coefficient": "1.0", "space": "склад", "status_book": false, "mark": false, "return_order": []}}, {"model": "booklib.bookobj", "pk": "b2a82367-48cf-4888-9228-db7bd3d04256", "fields": {"book": 17, "registr_date": "2025-09-15", "price": "25.00", "price_per_day": "7.00", "current_day_price": "7.00", "coefficient": "1.0", "space": "склад", "status_book": false, "mark": false, "return_order": []}}, {"model": "booklib.bookobj", "pk": "b392bc6f-424b-42b3-8e00-0eca0349cd40", "fields": {"book": 29, "registr_date": "2025-09-15", "price": "34.00", "price_per_day": "8.00", "current_day_price": "8.00", "coefficient": "1.0", "space": "склад", "status_book": false, "mark": false, "return_order": []}}, {"model": "booklib.bookobj", "pk": "b3b96925-e7df-49a7-9e58-44478e93da5c", "fields": {"book": 21, "registr_date": "2025-09-15", "price": "56.00", "price_per_day": "12.00", "current_day_price": "12.00", "coefficient": "1.0", "space": "склад", "status_book": false, "mark": false, "return_order": []}}, {"model": "booklib.bookobj", "pk": "b3ee8c35-6418-4e22-b22b-c9f9cd2fab50", "fields": {"book": 17, "registr_date": "2025-09-15", "price": "25.00", "price_per_day": "7.00", "current_day_price": "7.00", "coefficient": "1.0", "space": "склад", "status_book": false, "mark": false, "return_order": []}}, {"model": "booklib.bookobj", "pk": "b52cf01a-d931-4001-be70-f14b831f9816", "fields": {"book": 11, "registr_date": "2025-09-15", "price": "28.00", "price_per_day": "7.00", "current_day_price": "7.00", "coefficient": "1.0", "space": "склад", "status_book": false, "mark": false, "return_order": []}}, {"model": "booklib.bookobj", "pk": "b5f54958-e1bb-48aa-91dc-454a2287c87f", "fields": {"book": 16, "registr_date": "2025-09-15", "price": "13.00", "price_per_day": "2.00", "current_day_price": "2.00", "coefficient": "1.0", "space": "склад", "status_book": false, "mark": false, "return_order": []}}, {"model": "booklib.bookobj", "pk": "b62118c9-08cb-440e-adce-c75aa0499c30", "fields": {"book": 15, "registr_date": "2025-09-15", "price": "35.00", "price_per_day": "10.00", "current_day_price": "10.00", "coefficient": "1.0", "space": "склад", "status_book": false, "mark": false, "return_order": []}}, {"model": "booklib.bookobj", "pk": "b6467bf4-aabf-4811-b108-b2e779e709a2", "fields": {"book": 6, "registr_date": "2025-09-15", "price": "44.00", "price_per_day": "9.00", "current_day_price": "9.00", "coefficient": "1.0", "space": "склад", "status_book": false, "mark": false, "return_order": []}}, {"model": "booklib.bookobj", "pk": "b6a6c135-3222-49c8-8153-e92a5eb903a9", "fields": {"book": 5, "registr_date": "2025-09-15", "price": "35.00", "price_per_day": "7.00", "current_day_price": "7.00", "coefficient": "1.0", "space": "склад", "status_book": false, "mark": false, "return_order": []}}, {"model": "booklib.bookobj", "pk": "b70d0e17-5cf1-4cf9-8a54-7742ec89198f", "fields": {"book": 25, "registr_date": "2025-09-15", "price": "12.00", "price_per_day": "3.00", "current_day_price": "3.00", "coefficient": "1.0", "space": "склад", "status_book": false, "mark": false, "return_order": []}}, {"model": "booklib.bookobj", "pk": "b7a5250f-c673-4bf1-9284-5e3a5fadc12d", "fields": {"book": 30, "registr_date": "2025-09-15", "price": "31.00", "price_per_day": "9.00", "current_day_price": "9.00", "coefficient": "1.0", "space": "склад", "status_book": false, "mark": false, "return_order": []}}, {"model": "booklib.bookobj", "pk": "b9389464-7328-4184-8617-17e2036ff75a", "fields": {"book": 31, "registr_date": "2025-09-15", "price": "39.00", "price_per_day": "10.00", "current_day_price": "10.00", "coefficient": "1.0", "space": "склад", "status_book": false, "mark": false, "return_order": []}}, {"model": "booklib.bookobj", "pk": "b9467f8c-9773-4c52-b472-9169727f43eb", "fields": {"book": 27, "registr_date": "2025-09-15", "price": "37.00", "price_per_day": "8.00", "current_day_price": "8.00", "coefficient": "1.0", "space": "склад", "status_book": false, "mark": false, "return_order": []}}, {"model": "booklib.bookobj", "pk": "bb177a1e-e00d-4959-ab13-30d979b1607f", "fields": {"book": 24, "registr_date": "2025-09-15", "price": "37.00", "price_per_day": "10.00", "current_day_price": "10.00", "coefficient": "1.0", "space": "склад", "status_book": false, "mark": false, "return_order": []}}, {"model": "booklib.bookobj", "pk": "bb5ae3f3-a1f3-40e3-85f8-b802979515dc", "fields": {"book": 23, "registr_date": "2025-09-15", "price": "12.00", "price_per_day": "2.00", "current_day_price": "2.00", "coefficient": "1.0", "space": "склад", "status_book": false, "mark": false, "return_order": []}}, {"model": "booklib.bookobj", "pk": "bb6ab3fb-1a6c-45bb-a2fe-3539bcc57cde", "fields": {"book": 2, "registr_date": "2025-09-13", "price": "35.00", "price_per_day": "1.00", "current_day_price": "1.00", "coefficient": "1.0", "space": "полка а", "status_book": true, "mark": false, "return_order": [7]}}, {"model": "booklib.bookobj", "pk": "bb8c5999-2a11-4203-ba5d-c28efe9bcd47", "fields": {"book": 6, "registr_date": "2025-09-15", "price": "44.00", "price_per_day": "9.00", "current_day_price": "9.00", "coefficient": "1.0", "space": "склад", "status_book": false, "mark": false, "return_order": []}}, {"model": "booklib.bookobj", "pk": "bb8eba9c-32c8-425b-9e8d-045cf31cb4e9", "fields": {"book": 9, "registr_date": "2025-09-15", "price": "41.00", "price_per_day": "10.00", "current_day_price": "10.00", "coefficient": "1.0", "space": "склад", "status_book": false, "mark": false, "return_order": []}}, {"model": "booklib.bookobj", "pk": "bc4471a9-2208-4208-ac95-a3a6d8c6d385", "fields": {"book": 5, "registr_date": "2025-09-15", "price": "35.00", "price_per_day": "7.00", "current_day_price": "7.00", "coefficient": "1.0", "space": "склад", "status_book": false, "mark": false, "return_order": []}}, {"model": "booklib.bookobj", "pk": "bc8a1838-47bf-49e4-8aae-17327d266c79", "fields": {"book": 14, "registr_date": "2025-09-15", "price": "38.00", "price_per_day": "7.00", "current_day_price": "7.00", "coefficient": "1.0", "space": "склад", "status_book": false, "mark": false, "return_order": []}}, {"model": "booklib.bookobj", "pk": "bcf78849-020f-4f66-9d5b-d148a7499ee1", "fields": {"book": 14, "registr_date": "2025-09-15", "price": "38.00", "price_per_day": "7.00", "current_day_price": "7.00", "coefficient": "1.0", "space": "склад", "status_book": false, "mark": false, "return_order": []}}, {"model": "booklib.bookobj", "pk": "bda6395a-73b0-4db4-9ef2-b9351b4fd26d", "fields": {"book": 10, "registr_date": "2025-09-15", "price": "57.00", "price_per_day": "12.00", "current_day_price": "12.00", "coefficient": "1.0", "space": "склад", "status_book": false, "mark": false, "return_order": []}}, {"model": "booklib.bookobj", "pk": "be0118ff-0255-4d89-8497-2f790d4b252c", "fields": {"book": 5, "registr_date": "2025-09-15", "price": "35.00", "price_per_day": "7.00", "current_day_price": "7.00", "coefficient": "1.0", "space": "склад", "status_book": false, "mark": false, "return_order": []}}, {"model": "booklib.bookobj", "pk": "be747375-7bce-4209-b651-ac6ed11ef097", "fields": {"book": 29, "registr_date": "2025-09-15", "price": "34.00", "price_per_day": "8.00", "current_day_price": "8.00", "coefficient": "1.0", "space": "склад", "status_book": false, "mark": false, "return_order": []}}, {"model": "booklib.bookobj", "pk": "be9debab-bbe8-40e0-ad6d-dc315f6cd3c2", "fields": {"book": 31, "registr_date": "2025-09-15", "price": "39.00", "price_per_day": "10.00", "current_day_price": "10.00", "coefficient": "1.0", "space": "склад", "status_book": false, "mark": false, "return_order": []}}, {"model": "booklib.bookobj", "pk": "bebe8410-c861-4166-ad34-e5979d1849a9", "fields": {"book": 28, "registr_date": "2025-09-15", "price": "29.00", "price_per_day": "7.00", "current_day_price": "7.00", "coefficient": "1.0", "space": "склад", "status_book": false, "mark": false, "return_order": []}}, {"model": "booklib.bookobj", "pk": "bfeefdea-8e9a-4fba-9b1e-308b7c822229", "fields": {"book": 27, "registr_date": "2025-09-15", "price": "37.00", "price_per_day": "8.00", "current_day_price": "8.00", "coefficient": "1.0", "space": "склад", "status_book": false, "mark": false, "return_order": []}}, {"model": "booklib.bookobj", "pk": "c1f0b352-0b14-45b3-80f1-2588b7546e62", "fields": {"book": 14, "registr_date": "2025-09-15", "price": "38.00", "price_per_day": "7.00", "current_day_price": "7.00", "coefficient": "1.0", "space": "склад", "status_book": false, "mark": false, "return_order": []}}, {"model": "booklib.bookobj", "pk": "c2e2dcf4-d284-4085-a0a0-b0f2bc6ecac8", "fields": {"book": 13, "registr_date": "2025-09-15", "price": "24.00", "price_per_day": "4.00", "current_day_price": "4.00", "coefficient": "1.0", "space": "склад", "status_book": false, "mark": false, "return_order": []}}, {"model": "booklib.bookobj", "pk": "c3017390-ee76-4e79-b7bc-c3c2fe0cbd97", "fields": {"book": 29, "registr_date": "2025-09-15", "price": "34.00", "price_per_day": "8.00", "current_day_price": "8.00", "coefficient": "1.0", "space": "склад", "status_book": false, "mark": false, "return_order": []}}, {"model": "booklib.bookobj", "pk": "c589f08b-2f26-4392-9aea-51cb23609057", "fields": {"book": 28, "registr_date": "2025-09-15", "price": "29.00", "price_per_day": "7.00", "current_day_price": "7.00", "coefficient": "1.0", "space": "склад", "status_book": false, "mark": false, "return_order": []}}, {"model": "booklib.bookobj", "pk": "c5b0cd92-cc5d-48aa-8cda-cfb211cd62cb", "fields": {"book": 27, "registr_date": "2025-09-15", "price": "37.00", "price_per_day": "8.00", "current_day_price": "8.00", "coefficient": "1.0", "space": "склад", "status_book": false, "mark": false, "return_order": []}}, {"model": "booklib.bookobj", "pk": "c679022d-7607-44f6-bf1f-7766ef436740", "fields": {"book": 20, "registr_date": "2025-09-15", "price": "31.00", "price_per_day": "7.00", "current_day_price": "7.00", "coefficient": "1.0", "space": "склад", "status_book": false, "mark": false, "return_order": []}}, {"model": "booklib.bookobj", "pk": "c67f3847-dba5-4dd3-9bdc-4c4084070a42", "fields": {"book": 10, "registr_date": "2025-09-15", "price": "57.00", "price_per_day": "12.00", "current_day_price": "12.00", "coefficient": "1.0", "space": "склад", "status_book": false, "mark": false, "return_order": []}}, {"model": "booklib.bookobj", "pk": "c6a82f4d-62c1-469f-b3a5-5f644e5ab970", "fields": {"book": 20, "registr_date": "2025-09-15", "price": "31.00", "price_per_day": "7.00", "current_day_price": "7.00", "coefficient": "1.0", "space": "склад", "status_book": false, "mark": false, "return_order": []}}, {"model": "booklib.bookobj", "pk": "c7b4e808-52ff-43bd-a6a0-35073b7d3fbc", "fields": {"book": 8, "registr_date": "2025-09-15", "price": "15.00", "price_per_day": "4.00", "current_day_price": "4.00", "coefficient": "1.0", "space": "склад", "status_book": false, "mark": false, "return_order": []}}, {"model": "booklib.bookobj", "pk": "c7fb8474-0e61-40de-8cf0-cfb62accc462", "fields": {"book": 19, "registr_date": "2025-09-15", "price": "31.00", "price_per_day": "6.00", "current_day_price": "6.00", "coefficient": "1.0", "space": "склад", "status_book": false, "mark": false, "return_order": []}}, {"model": "booklib.bookobj", "pk": "c865c50c-3d2f-4d8f-8bc8-b2a0b0959e51", "fields": {"book": 15, "registr_date": "2025-09-15", "price": "35.00", "price_per_day": "10.00", "current_day_price": "10.00", "coefficient": "1.0", "space": "склад", "status_book": false, "mark": false, "return_order": []}}, {"model": "booklib.bookobj", "pk": "c89a32e5-ca59-454d-9c38-1c3f17bd2c80", "fields": {"book": 15, "registr_date": "2025-09-15", "price": "35.00", "price_per_day": "10.00", "current_day_price": "10.00", "coefficient": "1.0", "space": "склад", "status_book": false, "mark": false, "return_order": []}}, {"model": "booklib.bookobj", "pk": "c8a658d1-141c-452b-8d63-34825499d61b", "fields": {"book": 30, "registr_date": "2025-09-15", "price": "31.00", "price_per_day": "9.00", "current_day_price": "9.00", "coefficient": "1.0", "space": "склад", "status_book": false, "mark": false, "return_order": []}}, {"model": "booklib.bookobj", "pk": "c950b9ff-cbf7-42a2-ac63-d28053c0bf59", "fields": {"book": 9, "registr_date": "2025-09-15", "price": "41.00", "price_per_day": "10.00", "current_day_price": "10.00", "coefficient": "1.0", "space": "склад", "status_book": false, "mark": false, "return_order": []}}, {"model": "booklib.bookobj", "pk": "ca2dfae4-b593-4a92-b8ec-7284b0f32d39", "fields": {"book": 6, "registr_date": "2025-09-15", "price": "44.00", "price_per_day": "9.00", "current_day_price": "9.00", "coefficient": "1.0", "space": "склад", "status_book": false, "mark": false, "return_order": []}}, {"model": "booklib.bookobj", "pk": "cb792c84-b978-42d6-a1f2-e2f62053f19a", "fields": {"book": 19, "registr_date": "2025-09-15", "price": "31.00", "price_per_day": "6.00", "current_day_price": "6.00", "coefficient": "1.0", "space": "склад", "status_book": false, "mark": false, "return_order": []}}, {"model": "booklib.bookobj", "pk": "cba8273b-bbab-4658-bdd4-5765352b5bd6", "fields": {"book": 27, "registr_date": "2025-09-15", "price": "37.00", "price_per_day": "8.00", "current_day_price": "8.00", "coefficient": "1.0", "space": "склад", "status_book": false, "mark": false, "return_order": []}}, {"model": "booklib.bookobj", "pk": "cc93bf83-21de-4325-b0e0-a69bcc46a75c", "fields": {"book": 27, "registr_date": "2025-09-15", "price": "37.00", "price_per_day": "8.00", "current_day_price": "8.00", "coefficient": "1.0", "space": "склад", "status_book": false, "mark": false, "return_order": []}}, {"model": "booklib.bookobj", "pk": "ccadd66b-f616-406a-a631-a4d7dfe5c3be", "fields": {"book": 12, "registr_date": "2025-09-15", "price": "39.00", "price_per_day": "9.00", "current_day_price": "9.00", "coefficient": "1.0", "space": "склад", "status_book": true, "mark": false, "return_order": []}}, {"model": "booklib.bookobj", "pk": "cce2e897-f094-4668-9d89-83411f2566b4", "fields": {"book": 10, "registr_date": "2025-09-15", "price": "57.00", "price_per_day": "12.00", "current_day_price": "12.00", "coefficient": "1.0", "space": "склад", "status_book": false, "mark": false, "return_order": []}}, {"model": "booklib.bookobj", "pk": "cf2a367a-b772-4c06-8ae1-0348d71dac36", "fields": {"book": 9, "registr_date": "2025-09-15", "price": "41.00", "price_per_day": "10.00", "current_day_price": "10.00", "coefficient": "1.0", "space": "склад", "status_book": false, "mark": false, "return_order": []}}, {"model": "booklib.bookobj", "pk": "cf2dd84c-fc5d-4813-9f97-49f8328c8c78", "fields": {"book": 4, "registr_date": "2025-09-15", "price": "56.00", "price_per_day": "11.00", "current_day_price": "11.00", "coefficient": "1.0", "space": "склад", "status_book": false, "mark": false, "return_order": []}}, {"model": "booklib.bookobj", "pk": "cfa4889c-9294-4bba-87dc-70080145bdbd", "fields": {"book": 31, "registr_date": "2025-09-15", "price": "39.00", "price_per_day": "10.00", "current_day_price": "10.00", "coefficient": "1.0", "space": "склад", "status_book": false, "mark": false, "return_order": []}}, {"model": "booklib.bookobj", "pk": "cfba0dd6-959b-41ce-b69a-5e70ec5d41ba", "fields": {"book": 30, "registr_date": "2025-09-15", "price": "31.00", "price_per_day": "9.00", "current_day_price": "9.00", "coefficient": "1.0", "space": "склад", "status_book": false, "mark": false, "return_order": []}}, {"model": "booklib.bookobj", "pk": "d015a9bc-bfe5-414d-91de-451d1c96ccd9", "fields": {"book": 10, "registr_date": "2025-09-15", "price": "57.00", "price_per_day": "12.00", "current_day_price": "12.00", "coefficient": "1.0", "space": "склад", "status_book": false, "mark": false, "return_order": []}}, {"model": "booklib.bookobj", "pk": "d09efef1-e0ff-4f3b-95ed-04a7f4e8628e", "fields": {"book": 5, "registr_date": "2025-09-15", "price": "35.00", "price_per_day": "7.00", "current_day_price": "7.00", "coefficient": "1.0", "space": "склад", "status_book": false, "mark": false, "return_order": []}}, {"model": "booklib.bookobj", "pk": "d0d61544-af90-4d8e-b9f3-078bae5d2811", "fields": {"book": 22, "registr_date": "2025-09-15", "price": "25.00", "price_per_day": "6.00", "current_day_price": "6.00", "coefficient": "1.0", "space": "склад", "status_book": false, "mark": false, "return_order": []}}, {"model": "booklib.bookobj", "pk": "d1f9163a-ecf3-4b47-974c-649ac8bdd440", "fields": {"book": 18, "registr_date": "2025-09-15", "price": "37.00", "price_per_day": "9.00", "current_day_price": "9.00", "coefficient": "1.0", "space": "склад", "status_book": false, "mark": false, "return_order": []}}, {"model": "booklib.bookobj", "pk": "d235b989-d310-4470-9a53-ffa3eb33bd0e", "fields": {"book": 19, "registr_date": "2025-09-15", "price": "31.00", "price_per_day": "6.00", "current_day_price": "6.00", "coefficient": "1.0", "space": "склад", "status_book": false, "mark": false, "return_order": []}}, {"model": "booklib.bookobj", "pk": "d2e3e9e8-1f25-40f4-9ee9-4f9b39ae1030", "fields": {"book": 31, "registr_date": "2025-09-15", "price": "39.00", "price_per_day": "10.00", "current_day_price": "10.00", "coefficient": "1.0", "space": "склад", "status_book": false, "mark": false, "return_order": []}}, {"model": "booklib.bookobj", "pk": "d32f3e09-bfd6-4a48-9288-d768b94984e9", "fields": {"book": 25, "registr_date": "2025-09-15", "price": "12.00", "price_per_day": "3.00", "current_day_price": "3.00", "coefficient": "1.0", "space": "склад", "status_book": false, "mark": false, "return_order": []}}, {"model": "booklib.bookobj", "pk": "d6e5631d-72df-477d-9f13-1fbd95dcab8e", "fields": {"book": 5, "registr_date": "2025-09-15", "price": "35.00", "price_per_day": "7.00", "current_day_price": "7.00", "coefficient": "1.0", "space": "склад", "status_book": false, "mark": false, "return_order": []}}, {"model": "booklib.bookobj", "pk": "d7fa0c25-7b21-4139-b22a-21960174dbe2", "fields": {"book": 13, "registr_date": "2025-09-15", "price": "24.00", "price_per_day": "4.00", "current_day_price": "4.00", "coefficient": "1.0", "space": "склад", "status_book": false, "mark": false, "return_order": []}}, {"model": "booklib.bookobj", "pk": "d96dc7b9-d10e-4f44-9316-5489107e35f9", "fields": {"book": 31, "registr_date": "2025-09-15", "price": "39.00", "price_per_day": "10.00", "current_day_price": "10.00", "coefficient": "1.0", "space": "склад", "status_book": false, "mark": false, "return_order": []}}, {"model": "booklib.bookobj", "pk": "dad47154-ef99-414c-916e-6c5c06c69243", "fields": {"book": 28, "registr_date": "2025-09-15", "price": "29.00", "price_per_day": "7.00", "current_day_price": "7.00", "coefficient": "1.0", "space": "склад", "status_book": false, "mark": false, "return_order": []}}, {"model": "booklib.bookobj", "pk": "db99196d-cfe7-4c43-95cc-9977ffe469e2", "fields": {"book": 22, "registr_date": "2025-09-15", "price": "25.00", "price_per_day": "6.00", "current_day_price": "6.00", "coefficient": "1.0", "space": "склад", "status_book": false, "mark": false, "return_order": []}}, {"model": "booklib.bookobj", "pk": "dbda369d-e590-4e63-8b42-c0d5917a35a4", "fields": {"book": 27, "registr_date": "2025-09-15", "price": "37.00", "price_per_day": "8.00", "current_day_price": "8.00", "coefficient": "1.0", "space": "склад", "status_book": false, "mark": false, "return_order": []}}, {"model": "booklib.bookobj", "pk": "dc24bcac-d97d-445d-99a6-b553c70dfb54", "fields": {"book": 14, "registr_date": "2025-09-15", "price": "38.00", "price_per_day": "7.00", "current_day_price": "7.00", "coefficient": "1.0", "space": "склад", "status_book": false, "mark": false, "return_order": []}}, {"model": "booklib.bookobj", "pk": "dcc83068-3649-4ba8-a16a-ed4ef8efc9a9", "fields": {"book": 31, "registr_date": "2025-09-15", "price": "39.00", "price_per_day": "10.00", "current_day_price": "10.00", "coefficient": "1.0", "space": "склад", "status_book": false, "mark": false, "return_order": []}}, {"model": "booklib.bookobj", "pk": "dd0682d3-3deb-4163-99bf-ee0df6320526", "fields": {"book": 27, "registr_date": "2025-09-15", "price": "37.00", "price_per_day": "8.00", "current_day_price": "8.00", "coefficient": "1.0", "space": "склад", "status_book": false, "mark": false, "return_order": []}}, {"model": "booklib.bookobj", "pk": "dfb7cbe6-ea1e-4b48-b8be-3672cc68b1d3", "fields": {"book": 5, "registr_date": "2025-09-15", "price": "35.00", "price_per_day": "7.00", "current_day_price": "7.00", "coefficient": "1.0", "space": "склад", "status_book": false, "mark": false, "return_order": []}}, {"model": "booklib.bookobj", "pk": "e06ba826-27e2-4995-a35f-d29951dee525", "fields": {"book": 21, "registr_date": "2025-09-15", "price": "56.00", "price_per_day": "12.00", "current_day_price": "12.00", "coefficient": "1.0", "space": "склад", "status_book": false, "mark": false, "return_order": []}}, {"model": "booklib.bookobj", "pk": "e1a85bf9-19c7-4a4a-a14a-894a263f0a27", "fields": {"book": 9, "registr_date": "2025-09-15", "price": "41.00", "price_per_day": "10.00", "current_day_price": "10.00", "coefficient": "1.0", "space": "склад", "status_book": false, "mark": false, "return_order": []}}, {"model": "booklib.bookobj", "pk": "e2302ae2-3f47-43c3-8e25-5e964d166c00", "fields": {"book": 31, "registr_date": "2025-09-15", "price": "39.00", "price_per_day": "10.00", "current_day_price": "10.00", "coefficient": "1.0", "space": "склад", "status_book": false, "mark": false, "return_order": []}}, {"model": "booklib.bookobj", "pk": "e32045e8-4eae-4bc0-8162-48b95d5c6bac", "fields": {"book": 21, "registr_date": "2025-09-15", "price": "56.00", "price_per_day": "12.00", "current_day_price": "12.00", "coefficient": "1.0", "space": "склад", "status_book": false, "mark": false, "return_order": []}}, {"model": "booklib.bookobj", "pk": "e415605a-cb55-4f0b-bd99-8c5c7c848827", "fields": {"book": 30, "registr_date": "2025-09-15", "price": "31.00", "price_per_day": "9.00", "current_day_price": "9.00", "coefficient": "1.0", "space": "склад", "status_book": false, "mark": false, "return_order": []}}, {"model": "booklib.bookobj", "pk": "e49fb1a5-44ca-48a6-9860-61d09183c948", "fields": {"book": 18, "registr_date": "2025-09-15", "price": "37.00", "price_per_day": "9.00", "current_day_price": "9.00", "coefficient": "1.0", "space": "склад", "status_book": false, "mark": false, "return_order": []}}, {"model": "booklib.bookobj", "pk": "e4a4b6f5-8445-4a8c-995f-067d9716f50a", "fields": {"book": 24, "registr_date": "2025-09-15", "price": "37.00", "price_per_day": "10.00", "current_day_price": "10.00", "coefficient": "1.0", "space": "склад", "status_book": false, "mark": false, "return_order": []}}, {"model": "booklib.bookobj", "pk": "e4e5f561-6b24-4cf1-a192-77d4f6164d61", "fields": {"book": 21, "registr_date": "2025-09-15", "price": "56.00", "price_per_day": "12.00", "current_day_price": "12.00", "coefficient": "1.0", "space": "склад", "status_book": false, "mark": false, "return_order": []}}, {"model": "booklib.bookobj", "pk": "e66d79a1-a50b-4902-a6c5-6f210fee8855", "fields": {"book": 5, "registr_date": "2025-09-15", "price": "35.00", "price_per_day": "7.00", "current_day_price": "7.00", "coefficient": "1.0", "space": "склад", "status_book": false, "mark": false, "return_order": []}}, {"model": "booklib.bookobj", "pk": "e6acbbbc-1dc1-400f-8952-ec9ef04e7c9a", "fields": {"book": 30, "registr_date": "2025-09-15", "price": "31.00", "price_per_day": "9.00", "current_day_price": "9.00", "coefficient": "1.0", "space": "склад", "status_book": false, "mark": false, "return_order": []}}, {"model": "booklib.bookobj", "pk": "e7404d2e-8292-43fe-b213-985d6d30aff4", "fields": {"book": 10, "registr_date": "2025-09-15", "price": "57.00", "price_per_day": "12.00", "current_day_price": "12.00", "coefficient": "1.0", "space": "склад", "status_book": false, "mark": false, "return_order": []}}, {"model": "booklib.bookobj", "pk": "e77caa3c-16ac-4df4-b337-4f5dfd33ee94", "fields": {"book": 25, "registr_date": "2025-09-15", "price": "12.00", "price_per_day": "3.00", "current_day_price": "3.00", "coefficient": "1.0", "space": "склад", "status_book": false, "mark": false, "return_order": []}}, {"model": "booklib.bookobj", "pk": "e80ec5e9-8fc9-4319-8059-ae73fe68d304", "fields": {"book": 25, "registr_date": "2025-09-15", "price": "12.00", "price_per_day": "3.00", "current_day_price": "3.00", "coefficient": "1.0", "space": "склад", "status_book": false, "mark": false, "return_order": []}}, {"model": "booklib.bookobj", "pk": "e9abe5fb-e231-4d88-ae9f-6b2cbc9010eb", "fields": {"book": 5, "registr_date": "2025-09-15", "price": "35.00", "price_per_day": "7.00", "current_day_price": "7.00", "coefficient": "1.0", "space": "склад", "status_book": false, "mark": false, "return_order": []}}, {"model": "booklib.bookobj", "pk": "e9d58221-640d-400c-84f2-86e7e620a867", "fields": {"book": 5, "registr_date": "2025-09-15", "price": "35.00", "price_per_day": "7.00", "current_day_price": "7.00", "coefficient": "1.0", "space": "склад", "status_book": false, "mark": false, "return_order": []}}, {"model": "booklib.bookobj", "pk": "ea5d05b1-38fc-4eb9-8e46-ea4d3ebd963a", "fields": {"book": 28, "registr_date": "2025-09-15", "price": "29.00", "price_per_day": "7.00", "current_day_price": "7.00", "coefficient": "1.0", "space": "склад", "status_book": false, "mark": false, "return_order": []}}, {"model": "booklib.bookobj", "pk": "eabcef91-8958-49b0-9c95-af19fcd692e2", "fields": {"book": 26, "registr_date": "2025-09-15", "price": "20.00", "price_per_day": "3.00", "current_day_price": "3.00", "coefficient": "1.0", "space": "склад", "status_book": false, "mark": false, "return_order": []}}, {"model": "booklib.bookobj", "pk": "ee565529-9e43-4d33-a08a-82cb7a67c754", "fields": {"book": 11, "registr_date": "2025-09-15", "price": "28.00", "price_per_day": "7.00", "current_day_price": "7.00", "coefficient": "1.0", "space": "склад", "status_book": false, "mark": false, "return_order": []}}, {"model": "booklib.bookobj", "pk": "ee9ce0a3-1fcd-48f3-8506-0c7b374a7036", "fields": {"book": 7, "registr_date": "2025-09-15", "price": "37.00", "price_per_day": "7.00", "current_day_price": "7.00", "coefficient": "1.0", "space": "склад", "status_book": false, "mark": false, "return_order": []}}, {"model": "booklib.bookobj", "pk": "ef9af25c-4bad-4679-8404-8ee6cb428214", "fields": {"book": 19, "registr_date": "2025-09-15", "price": "31.00", "price_per_day": "6.00", "current_day_price": "6.00", "coefficient": "1.0", "space": "склад", "status_book": false, "mark": false, "return_order": []}}, {"model": "booklib.bookobj", "pk": "efc0bfb4-c505-456f-b91e-bbddf286ef84", "fields": {"book": 31, "registr_date": "2025-09-15", "price": "39.00", "price_per_day": "10.00", "current_day_price": "10.00", "coefficient": "1.0", "space": "склад", "status_book": false, "mark": false, "return_order": []}}, {"model": "booklib.bookobj", "pk": "f02ecefc-1c74-4e4c-9410-98feab433bf9", "fields": {"book": 21, "registr_date": "2025-09-15", "price": "56.00", "price_per_day": "12.00", "current_day_price": "12.00", "coefficient": "1.0", "space": "склад", "status_book": false, "mark": false, "return_order": []}}, {"model": "booklib.bookobj", "pk": "f15b7e1c-72fc-4c28-91e2-8a30822d4b80", "fields": {"book": 15, "registr_date": "2025-09-15", "price": "35.00", "price_per_day": "10.00", "current_day_price": "10.00", "coefficient": "1.0", "space": "склад", "status_book": false, "mark": false, "return_order": []}}, {"model": "booklib.bookobj", "pk": "f182dd1c-0f0d-4ed9-a359-0fd711935cd5", "fields": {"book": 21, "registr_date": "2025-09-15", "price": "56.00", "price_per_day": "12.00", "current_day_price": "12.00", "coefficient": "1.0", "space": "склад", "status_book": false, "mark": false, "return_order": []}}, {"model": "booklib.bookobj", "pk": "f1884f0e-e529-4f8d-ba2c-1b64a6f1722a", "fields": {"book": 29, "registr_date": "2025-09-15", "price": "34.00", "price_per_day": "8.00", "current_day_price": "8.00", "coefficient": "1.0", "space": "склад", "status_book": false, "mark": false, "return_order": []}}, {"model": "booklib.bookobj", "pk": "f30e4c7b-0160-4184-a1ec-1d60dc8beaf3", "fields": {"book": 17, "registr_date": "2025-09-15", "price": "25.00", "price_per_day": "7.00", "current_day_price": "7.00", "coefficient": "1.0", "space": "склад", "status_book": false, "mark": false, "return_order": []}}, {"model": "booklib.bookobj", "pk": "f3f32537-56e3-4a56-9d72-d36efb3f6375", "fields": {"book": 5, "registr_date": "2025-09-15", "price": "35.00", "price_per_day": "7.00", "current_day_price": "7.00", "coefficient": "1.0", "space": "склад", "status_book": false, "mark": false, "return_order": []}}, {"model": "booklib.bookobj", "pk": "f4d8dd82-62d8-4c19-9964-75c68928a6b7", "fields": {"book": 31, "registr_date": "2025-09-15", "price": "39.00", "price_per_day": "10.00", "current_day_price": "10.00", "coefficient": "1.0", "space": "склад", "status_book": false, "mark": false, "return_order": []}}, {"model": "booklib.bookobj", "pk": "f5113f7d-933a-48c8-8bff-586f0028bce4", "fields": {"book": 23, "registr_date": "2025-09-15", "price": "12.00", "price_per_day": "2.00", "current_day_price": "2.00", "coefficient": "1.0", "space": "склад", "status_book": false, "mark": false, "return_order": []}}, {"model": "booklib.bookobj", "pk": "f5f2e6bb-d0ad-40ef-a64e-b6fec6c53978", "fields": {"book": 4, "registr_date": "2025-09-15", "price": "56.00", "price_per_day": "11.00", "current_day_price": "11.00", "coefficient": "1.0", "space": "склад", "status_book": false, "mark": false, "return_order": []}}, {"model": "booklib.bookobj", "pk": "f61ca63d-b807-4670-b1d9-243aa3f345e5", "fields": {"book": 17, "registr_date": "2025-09-15", "price": "25.00", "price_per_day": "7.00", "current_day_price": "7.00", "coefficient": "1.0", "space": "склад", "status_book": false, "mark": false, "return_order": []}}, {"model": "booklib.bookobj", "pk": "f745154c-b905-4f41-ab73-e2cfd275e571", "fields": {"book": 22, "registr_date": "2025-09-15", "price": "25.00", "price_per_day": "6.00", "current_day_price": "6.00", "coefficient": "1.0", "space": "склад", "status_book": false, "mark": false, "return_order": []}}, {"model": "booklib.bookobj", "pk": "f7d9e6e6-94f4-4180-97d3-f9528c0830f0", "fields": {"book": 7, "registr_date": "2025-09-15", "price": "37.00", "price_per_day": "7.00", "current_day_price": "7.00", "coefficient": "1.0", "space": "склад", "status_book": false, "mark": false, "return_order": []}}, {"model": "booklib.bookobj", "pk": "f7ebb6e6-dd4b-4988-a90e-f954351d935c", "fields": {"book": 31, "registr_date": "2025-09-15", "price": "39.00", "price_per_day": "10.00", "current_day_price": "10.00", "coefficient": "1.0", "space": "склад", "status_book": false, "mark": false, "return_order": []}}, {"model": "booklib.bookobj", "pk": "fb75b8d8-1f03-40cb-99a7-17c13af4f7c9", "fields": {"book": 28, "registr_date": "2025-09-15", "price": "29.00", "price_per_day": "7.00", "current_day_price": "7.00", "coefficient": "1.0", "space": "склад", "status_book": false, "mark": false, "return_order": []}}, {"model": "booklib.bookobj", "pk": "fb868347-bb8a-4d08-831c-387cf5ad477a", "fields": {"book": 16, "registr_date": "2025-09-15", "price": "13.00", "price_per_day": "2.00", "current_day_price": "2.00", "coefficient": "1.0", "space": "склад", "status_book": false, "mark": false, "return_order": []}}, {"model": "booklib.genre", "pk": 1, "fields": {"name_genre": "фантастика"}}, {"model": "booklib.genre", "pk": 2, "fields": {"name_genre": "детектив"}}, {"model": "booklib.genre", "pk": 3, "fields": {"name_genre": "сказка"}}, {"model": "booklib.genre", "pk": 4, "fields": {"name_genre": "роман"}}, {"model": "booklib.genre", "pk": 5, "fields": {"name_genre": "биография"}}, {"model": "booklib.genre", "pk": 6, "fields": {"name_genre": "проза"}}, {"model": "booklib.genre", "pk": 7, "fields": {"name_genre": "поэзия"}}, {"model": "booklib.genre", "pk": 8, "fields": {"name_genre": "исторический"}}, {"model": "booklib.genre", "pk": 9, "fields": {"name_genre": "поэма"}}, {"model": "booklib.genre", "pk": 10, "fields": {"name_genre": "саморазвитие"}}, {"model": "booklib.genre", "pk": 11, "fields": {"name_genre": "фентези"}}, {"model": "booklib.genre", "pk": 12, "fields": {"name_genre": "ужасы"}}, {"model": "booklib.genre", "pk": 13, "fields": {"name_genre": "триллер"}}, {"model": "booklib.author", "pk": 1, "fields": {"name": "Волков А.М.", "photo_author": "", "books": [1]}}, {"model": "booklib.author", "pk": 3, "fields": {"name": "Джанни Родари", "photo_author": "", "books": [2]}}, {"model": "booklib.author", "pk": 4, "fields": {"name": "Гоголь Николай", "photo_author": "", "books": [3]}}, {"model": "booklib.author", "pk": 5, "fields": {"name": "Виктор Мари Гюго", "photo_author": "photo_author/2_Wieyw7f.jpg", "books": [4]}}, {"model": "booklib.author", "pk": 6, "fields": {"name": "Федор Достоевский", "photo_author": "photo_author/4_LqgNGHh.jpg", "books": [14, 5]}}, {"model": "booklib.author", "pk": 7, "fields": {"name": "Александр Дюма", "photo_author": "photo_author/2_IJ9FHdE.jpg", "books": [6]}}, {"model": "booklib.author", "pk": 8, "fields": {"name": "Теодор Драйзер", "photo_author": "", "books": [6]}}, {"model": "booklib.author", "pk": 9, "fields": {"name": "Роберт Грин", "photo_author": "photo_author/4_CcurvDJ.jpg", "books": [7]}}, {"model": "booklib.author", "pk": 10, "fields": {"name": "Марк Мэнсон", "photo_author": "photo_author/2_MiuD9o8.jpg", "books": [8]}}, {"model": "booklib.author", "pk": 11, "fields": {"name": "Ребекка Яррос", "photo_author": "photo_author/4_YOr8kfG.jpg", "books": [9]}}, {"model": "booklib.author", "pk": 12, "fields": {"name": "Лев Толстой", "photo_author": "photo_author/6_1cVK6yi.jpg", "books": [10]}}, {"model": "booklib.author", "pk": 13, "fields": {"name": "Юваль Ной Харари", "photo_author": "photo_author/2_96cTRWy.jpg", "books": [11]}}, {"model": "booklib.author", "pk": 14, "fields": {"name": "Гарет Браун", "photo_author": "photo_author/author.png", "books": [12]}}, {"model": "booklib.author", "pk": 15, "fields": {"name": "Оскар Уайльд", "photo_author": "photo_author/2_fVVs58R.jpg", "books": [13]}}, {"model": "booklib.author", "pk": 16, "fields": {"name": "Жоэль Диккер", "photo_author": "photo_author/2_JuOZRDD.jpg", "books": [15]}}, {"model": "booklib.author", "pk": 17, "fields": {"name": "Джордж Оруэлл", "photo_author": "photo_author/2_lhmZAgZ.jpg", "books": [16]}}, {"model": "booklib.author", "pk": 18, "fields": {"name": "Эрих Мария Ремарк", "photo_author": "photo_author/2_xyJHXHJ.jpg", "books": [17, 28]}}, {"model": "booklib.author", "pk": 19, "fields": {"name": "Халед Хоссейни", "photo_author": "photo_author/6_bX222v9.jpg", "books": [18]}}, {"model": "booklib.author", "pk": 20, "fields": {"name": "Роберт Гэлбрейт", "photo_author": "photo_author/2_TkJFU28.jpg", "books": [19, 31]}}, {"model": "booklib.author", "pk": 21, "fields": {"name": "Борис Пастернак", "photo_author": "photo_author/2_ZOcUmNP.jpg", "books": [20]}}, {"model": "booklib.author", "pk": 22, "fields": {"name": "Анджей Сапковский", "photo_author": "photo_author/4_7wNUIso.jpg", "books": [21]}}, {"model": "booklib.author", "pk": 23, "fields": {"name": "Эмили Бронте", "photo_author": "photo_author/2_TX2L0K9.jpg", "books": [22]}}, {"model": "booklib.author", "pk": 24, "fields": {"name": "Михаил Лермонтов", "photo_author": "photo_author/4_Cz7hOZQ.jpg", "books": [23]}}, {"model": "booklib.author", "pk": 25, "fields": {"name": "Макс Фрай", "photo_author": "photo_author/6_p1jEszX.jpg", "books": [24]}}, {"model": "booklib.author", "pk": 26, "fields": {"name": "Михаил Булгаков", "photo_author": "photo_author/2_kHATBNl.jpg", "books": [25]}}, {"model": "booklib.author", "pk": 27, "fields": {"name": "Джоанн Харрис", "photo_author": "photo_author/4_Q7Ok68l.jpg", "books": [26]}}, {"model": "booklib.author", "pk": 28, "fields": {"name": "Стиг Ларссон", "photo_author": "photo_author/6_D0Rw8eW.jpg", "books": [27]}}, {"model": "booklib.author", "pk": 29, "fields": {"name": "Лю Цысинь", "photo_author": "photo_author/4_cl48X8i.jpg", "books": [29]}}, {"model": "booklib.author", "pk": 30, "fields": {"name": "Майк Омер", "photo_author": "photo_author/6.jpe", "books": [30]}}, {"model": "booklib.fotoregistr", "pk": 1, "fields": {"books": 1, "photo_book": "photo_book/volshebnic_4e9jTht.png"}}, {"model": "booklib.fotoregistr", "pk": 2, "fields": {"books": 2, "photo_book": "photo_book/chip.jpg"}}, {"model": "booklib.fotoregistr", "pk": 3, "fields": {"books": 3, "photo_book": "photo_book/deaded_souls.jpg"}}, {"model": "booklib.fotoregistr", "pk": 4, "fields": {"books": 4, "photo_book": "photo_book/1_SXO5ojU.jpg"}}, {"model": "booklib.fotoregistr", "pk": 5, "fields": {"books": 5, "photo_book": "photo_book/3_Uc3Z23s.jpg"}}, {"model": "booklib.fotoregistr", "pk": 6, "fields": {"books": 6, "photo_book": "photo_book/1_XJSOXbq.jpg"}}, {"model": "booklib.fotoregistr", "pk": 7, "fields": {"books": 7, "photo_book": "photo_book/3_guDVe8W.jpg"}}, {"model": "booklib.fotoregistr", "pk": 8, "fields": {"books": 8, "photo_book": "photo_book/1_qz5baFC.jpg"}}, {"model": "booklib.fotoregistr", "pk": 9, "fields": {"books": 9, "photo_book": "photo_book/3_NvxU3vD.jpg"}}, {"model": "booklib.fotoregistr", "pk": 10, "fields": {"books": 10, "photo_book": "photo_book/5_5yg0vVv.jpg"}}, {"model": "booklib.fotoregistr", "pk": 11, "fields": {"books": 11, "photo_book": "photo_book/1_QFnr2Yo.jpg"}}, {"model": "booklib.fotoregistr", "pk": 12, "fields": {"books": 12, "photo_book": "photo_book/3_QCmOVWo.jpg"}}, {"model": "booklib.fotoregistr", "pk": 13, "fields": {"books": 13, "photo_book": "photo_book/1_smcbmrZ.jpg"}}, {"model": "booklib.fotoregistr", "pk": 14, "fields": {"books": 14, "photo_book": "photo_book/3_a3kTaeE.jpg"}}, {"model": "booklib.fotoregistr", "pk": 15, "fields": {"books": 15, "photo_book": "photo_book/1_05uKlRp.jpg"}}, {"model": "booklib.fotoregistr", "pk": 16, "fields": {"books": 16, "photo_book": "photo_book/1_8Qsljh8.jpg"}}, {"model": "booklib.fotoregistr", "pk": 17, "fields": {"books": 17, "photo_book": "photo_book/3_pgyG2n6.jpg"}}, {"model": "booklib.fotoregistr", "pk": 18, "fields": {"books": 18, "photo_book": "photo_book/5_eP3jdqX.jpg"}}, {"model": "booklib.fotoregistr", "pk": 19, "fields": {"books": 19, "photo_book": "photo_book/7_ORnhJlC.jpg"}}, {"model": "booklib.fotoregistr", "pk": 20, "fields": {"books": 20, "photo_book": "photo_book/1_D5K6Z2P.jpg"}}, {"model": "booklib.fotoregistr", "pk": 21, "fields": {"books": 21, "photo_book": "photo_book/3_nSDZUGE.jpg"}}, {"model": "booklib.fotoregistr", "pk": 22, "fields": {"books": 22, "photo_book": "photo_book/1_R27VuPp.jpg"}}, {"model": "booklib.fotoregistr", "pk": 23, "fields": {"books": 23, "photo_book": "photo_book/3_71clWBa.jpg"}}, {"model": "booklib.fotoregistr", "pk": 24, "fields": {"books": 24, "photo_book": "photo_book/5_SUdxFt1.jpg"}}, {"model": "booklib.fotoregistr", "pk": 25, "fields": {"books": 25, "photo_book": "photo_book/1_kjLUcJF.jpg"}}, {"model": "booklib.fotoregistr", "pk": 26, "fields": {"books": 26, "photo_book": "photo_book/3_mraNdLe.jpg"}}, {"model": "booklib.fotoregistr", "pk": 27, "fields": {"books": 27, "photo_book": "photo_book/5_zZtQtP8.jpg"}}, {"model": "booklib.fotoregistr", "pk": 28, "fields": {"books": 28, "photo_book": "photo_book/1_vKuOB44.jpg"}}, {"model": "booklib.fotoregistr", "pk": 29, "fields": {"books": 29, "photo_book": "photo_book/3_NxRY4Kc.jpg"}}, {"model": "booklib.fotoregistr", "pk": 30, "fields": {"books": 30, "photo_book": "photo_book/5_TlZ3PWc.jpg"}}, {"model": "booklib.fotoregistr", "pk": 31, "fields": {"books": 31, "photo_book": "photo_book/1_UC7bgxY.jpg"}}, {"model": "booklib.fotostatus", "pk": 1, "fields": {"book_obj": "69bb6e17-d56e-49f8-9dfd-d4b0b75f95cc", "photo_status": "", "list_status": ""}}, {"model": "booklib.fotostatus", "pk": 2, "fields": {"book_obj": "098d08bb-698d-4613-a6e6-1c53a3f6841d", "photo_status": "", "list_status": ""}}, {"model": "booklib.fotostatus", "pk": 3, "fields": {"book_obj": "4861922d-633f-4855-9b3c-cb93c4edef94", "photo_status": "", "list_status": ""}}, {"model": "booklib.fotostatus", "pk": 4, "fields": {"book_obj": "69bb6e17-d56e-49f8-9dfd-d4b0b75f95cc", "photo_status": "", "list_status": ""}}, {"model": "booklib.fotostatus", "pk": 5, "fields": {"book_obj": "098d08bb-698d-4613-a6e6-1c53a3f6841d", "photo_status": "", "list_status": ""}}, {"model": "booklib.fotostatus", "pk": 6, "fields": {"book_obj": "bb6ab3fb-1a6c-45bb-a2fe-3539bcc57cde", "photo_status": "", "list_status": ""}}, {"model": "booklib.fotostatus", "pk": 7, "fields": {"book_obj": "098d08bb-698d-4613-a6e6-1c53a3f6841d", "photo_status": "", "list_status": ""}}, {"model": "booklib.fotostatus", "pk": 8, "fields": {"book_obj": "69bb6e17-d56e-49f8-9dfd-d4b0b75f95cc", "photo_status": "", "list_status": ""}}, {"model": "booklib.fotostatus", "pk": 9, "fields": {"book_obj": "2dc217da-4844-49b4-8fd3-f9c8aa9a0ac7", "photo_status": "", "list_status": ""}}, {"model": "booklib.fotostatus", "pk": 10, "fields": {"book_obj": "9458f5ae-4fea-4456-8fc3-12f6e0b61bb1", "photo_status": "", "list_status": ""}}, {"model": "booklib.fotostatus", "pk": 11, "fields": {"book_obj": "9458f5ae-4fea-4456-8fc3-12f6e0b61bb1", "photo_status": "", "list_status": ""}}, {"model": "booklib.person", "pk": 1, "fields": {"last_name": "Иванов", "first_name": "Иван", "surname": "Иванович", "passport": "й1", "date_of_birth": "2001-01-01", "address": "г. Минск", "mail": "qwe1@mail.ru", "agreement": true, "status_person": false, "debt": "0.00", "quantity_books": 0}}, {"model": "booklib.person", "pk": 2, "fields": {"last_name": "Петров", "first_name": "Петр", "surname": "Петрович", "passport": "й1ц2", "date_of_birth": "2002-02-02", "address": "г. Минск", "mail": "qwe2@mail.ru", "agreement": true, "status_person": false, "debt": "0.00", "quantity_books": 1}}, {"model": "booklib.person", "pk": 3, "fields": {"last_name": "Федоров", "first_name": "Федор", "surname": "Федорович", "passport": "й1ц2у3", "date_of_birth": "2003-03-03", "address": "г. Минск", "mail": "qwe3@mail.ru", "agreement": true, "status_person": false, "debt": "0.00", "quantity_books": 0}}, {"model": "booklib.person", "pk": 4, "fields": {"last_name": "Богданов", "first_name": "Богдан", "surname": "Богданович", "passport": "й1ц2у3к4", "date_of_birth": "2004-04-04", "address": "г. Минск", "mail": "qwe4@mail.ru", "agreement": true, "status_person": false, "debt": "0.00", "quantity_books": 2}}, {"model": "booklib.person", "pk": 5, "fields": {"last_name": "Антонов", "first_name": "Антон", "surname": "Антонович", "passport": "й1ц2у3к4е5", "date_of_birth": "2005-05-05", "address": "г. Минск", "mail": "qwe5@mail.ru", "agreement": true, "status_person": false, "debt": "0.00", "quantity_books": 2}}, {"model": "booklib.person", "pk": 6, "fields": {"last_name": "Сорокина", "first_name": "Юлия", "surname": "Михайловна", "passport": "й1ц2у3к4е5н6", "date_of_birth": "1988-06-04", "address": "г. Минск", "mail": "by-40yuliya@yandex.by", "agreement": true, "status_person": false, "debt": "100.00", "quantity_books": 1}}, {"model": "booklib.order", "pk": 1, "fields": {"person": 5, "distrib_date": "2025-09-13", "pre_return_date": "2025-10-13", "pre_cost": "300.00", "quantity_books": 1, "debt_order": "0.00", "status_order": false, "discount": "1.00", "book_obj": ["69bb6e17-d56e-49f8-9dfd-d4b0b75f95cc"]}}, {"model": "booklib.order", "pk": 2, "fields": {"person": 4, "distrib_date": "2025-09-13", "pre_return_date": "2025-10-13", "pre_cost": "300.00", "quantity_books": 1, "debt_order": "0.00", "status_order": false, "discount": "1.00", "book_obj": ["4861922d-633f-4855-9b3c-cb93c4edef94"]}}, {"model": "booklib.order", "pk": 3, "fields": {"person": 5, "distrib_date": "2025-09-13", "pre_return_date": "2025-10-13", "pre_cost": "330.00", "quantity_books": 2, "debt_order": "0.00", "status_order": false, "discount": "1.00", "book_obj": ["098d08bb-698d-4613-a6e6-1c53a3f6841d", "69bb6e17-d56e-49f8-9dfd-d4b0b75f95cc"]}}, {"model": "booklib.order", "pk": 4, "fields": {"person": 5, "distrib_date": "2025-09-13", "pre_return_date": "2025-10-13", "pre_cost": "330.00", "quantity_books": 2, "debt_order": "0.00", "status_order": false, "discount": "1.00", "book_obj": ["098d08bb-698d-4613-a6e6-1c53a3f6841d", "69bb6e17-d56e-49f8-9dfd-d4b0b75f95cc"]}}, {"model": "booklib.order", "pk": 5, "fields": {"person": 5, "distrib_date": "2025-09-14", "pre_return_date": "2025-10-14", "pre_cost": "330.00", "quantity_books": 2, "debt_order": "0.00", "status_order": false, "discount": "1.00", "book_obj": ["098d08bb-698d-4613-a6e6-1c53a3f6841d", "69bb6e17-d56e-49f8-9dfd-d4b0b75f95cc"]}}, {"model": "booklib.order", "pk": 6, "fields": {"person": 4, "distrib_date": "2025-09-14", "pre_return_date": "2025-10-14", "pre_cost": "30.00", "quantity_books": 1, "debt_order": "0.00", "status_order": false, "discount": "1.00", "book_obj": ["098d08bb-698d-4613-a6e6-1c53a3f6841d"]}}, {"model": "booklib.order", "pk": 7, "fields": {"person": 5, "distrib_date": "2025-09-14", "pre_return_date": "2025-10-14", "pre_cost": "30.00", "quantity_books": 1, "debt_order": "0.00", "status_order": false, "discount": "1.00", "book_obj": ["bb6ab3fb-1a6c-45bb-a2fe-3539bcc57cde"]}}, {"model": "booklib.order", "pk": 8, "fields": {"person": 5, "distrib_date": "2025-09-14", "pre_return_date": "2025-10-14", "pre_cost": "30.00", "quantity_books": 1, "debt_order": "0.00", "status_order": false, "discount": "1.00", "book_obj": ["bb6ab3fb-1a6c-45bb-a2fe-3539bcc57cde"]}}, {"model": "booklib.order", "pk": 9, "fields": {"person": 5, "distrib_date": "2025-09-14", "pre_return_date": "2025-10-14", "pre_cost": "300.00", "quantity_books": 1, "debt_order": "0.00", "status_order": true, "discount": "1.00", "book_obj": ["69bb6e17-d56e-49f8-9dfd-d4b0b75f95cc"]}}, {"model": "booklib.order", "pk": 10, "fields": {"person": 4, "distrib_date": "2025-09-14", "pre_return_date": "2025-10-14", "pre_cost": "330.00", "quantity_books": 2, "debt_order": "0.00", "status_order": true, "discount": "1.00", "book_obj": ["098d08bb-698d-4613-a6e6-1c53a3f6841d", "4861922d-633f-4855-9b3c-cb93c4edef94"]}}, {"model": "booklib.order", "pk": 11, "fields": {"person": 5, "distrib_date": "2025-09-14", "pre_return_date": "2025-10-14", "pre_cost": "30.00", "quantity_books": 1, "debt_order": "0.00", "status_order": true, "discount": "1.00", "book_obj": ["bb6ab3fb-1a6c-45bb-a2fe-3539bcc57cde"]}}, {"model": "booklib.order", "pk": 12, "fields": {"person": 6, "distrib_date": "2025-09-15", "pre_return_date": "2025-10-15", "pre_cost": "15.00", "quantity_books": 1, "debt_order": "100.00", "status_order": true, "discount": "1.00", "book_obj": ["2e2aeb85-09e4-4d7d-b14d-d0d740e86497"]}}, {"model": "booklib.order", "pk": 13, "fields": {"person": 2, "distrib_date": "2025-09-15", "pre_return_date": "2025-10-15", "pre_cost": "285.00", "quantity_books": 2, "debt_order": "0.00", "status_order": false, "discount": "1.00", "book_obj": ["2dc217da-4844-49b4-8fd3-f9c8aa9a0ac7", "9458f5ae-4fea-4456-8fc3-12f6e0b61bb1"]}}, {"model": "booklib.order", "pk": 14, "fields": {"person": 2, "distrib_date": "2025-09-15", "pre_return_date": "2025-10-15", "pre_cost": "540.00", "quantity_books": 2, "debt_order": "0.00", "status_order": true, "discount": "1.00", "book_obj": ["9458f5ae-4fea-4456-8fc3-12f6e0b61bb1", "ccadd66b-f616-406a-a631-a4d7dfe5c3be"]}}, {"model": "booklib.returnb", "pk": 1, "fields": {"order": 1, "return_date": "2025-09-13", "return_cost": "0.00", "quantity_book": 1, "mark": false}}, {"model": "booklib.returnb", "pk": 2, "fields": {"order": 3, "return_date": "2025-09-13", "return_cost": "0.00", "quantity_book": 1, "mark": false}}, {"model": "booklib.returnb", "pk": 3, "fields": {"order": 2, "return_date": "2025-09-14", "return_cost": "0.00", "quantity_book": 1, "mark": false}}, {"model": "booklib.returnb", "pk": 4, "fields": {"order": 3, "return_date": "2025-09-14", "return_cost": "0.00", "quantity_book": 1, "mark": false}}, {"model": "booklib.returnb", "pk": 5, "fields": {"order": 4, "return_date": "2025-09-14", "return_cost": "0.00", "quantity_book": 1, "mark": false}}, {"model": "booklib.returnb", "pk": 6, "fields": {"order": 5, "return_date": "2025-09-14", "return_cost": "0.00", "quantity_book": 1, "mark": false}}, {"model": "booklib.returnb", "pk": 7, "fields": {"order": 8, "return_date": "2025-09-14", "return_cost": "0.00", "quantity_book": 1, "mark": false}}, {"model": "booklib.returnb", "pk": 8, "fields": {"order": 5, "return_date": "2025-09-14", "return_cost": "0.00", "quantity_book": 2, "mark": false}}, {"model": "booklib.returnb", "pk": 9, "fields": {"order": 13, "return_date": "2025-09-15", "return_cost": "0.00", "quantity_book": 2, "mark": false}}, {"model": "booklib.returnb", "pk": 10, "fields": {"order": 14, "return_date": "2025-09-15", "return_cost": "0.00", "quantity_book": 1, "mark": false}}, {"model": "booklib.librarian", "pk": 1, "fields": {"username": "Юля", "password": "9c1dd1a74299d0497c542002f447a4aa20aa89f403cbe51edde5676582087a0a8a910a82d0c2f02f7171fa068c10f541", "status_user": false, "last_login": "2025-09-13T15:46:06.971Z", "date_joined": "2025-09-13T15:46:06.972Z"}}, {"model": "booklib.librarian", "pk": 2, "fields": {"username": "adminv", "password": "d0301e937731cabcf16e01c84169546ca48c3e211849d57b0a1fa4e7079ac5bcfa28de6de73b8faa28c2440e277e3de4", "status_user": false, "last_login": "2025-09-15T10:46:11.344Z", "date_joined": "2025-09-15T10:46:11.344Z"}}]